timestamp,forklift_id,operator,event,zone,pallet_id,ref
2026-06-04T06:38:00Z,FL-1,s.larsen,PALLET_PICK,C,PL-9173,LN-23197
2026-06-04T06:38:00Z,FL-1,s.larsen,PALLET_PICK,D,PL-9886,LN-29228
2026-06-04T06:39:00Z,FL-1,s.larsen,PALLET_PICK,C,PL-4211,LN-26500
2026-06-04T06:39:00Z,FL-1,s.larsen,PALLET_PICK,B,PL-6372,LN-24659
2026-06-04T06:40:00Z,FL-1,s.larsen,PALLET_DROP,F,PL-9173,LN-23197
2026-06-04T06:41:00Z,FL-1,s.larsen,PALLET_DROP,F,PL-9886,LN-29228
2026-06-04T06:42:00Z,FL-1,s.larsen,PALLET_DROP,A,PL-6372,LN-24659
2026-06-04T06:43:00Z,FL-1,s.larsen,PALLET_DROP,A,PL-4211,LN-26500
2026-06-04T06:58:00Z,FL-1,s.larsen,PALLET_PICK,D,PL-9122,LN-25325
2026-06-04T06:59:00Z,FL-1,s.larsen,PALLET_PICK,E,PL-8557,LN-23525
2026-06-04T06:59:00Z,FL-1,s.larsen,PALLET_DROP,F,PL-9122,LN-25325
2026-06-04T07:02:00Z,FL-1,s.larsen,PALLET_DROP,D,PL-8557,LN-23525
2026-06-04T07:16:00Z,FL-1,,DOCK_UNLOAD_START,B,,TRK-585
2026-06-04T07:28:00Z,FL-1,,DOCK_UNLOAD_END,B,,TRK-585
2026-06-04T09:51:00Z,FL-1,s.larsen,PALLET_PICK,E,PL-3272,LN-21231
2026-06-04T09:51:00Z,FL-1,s.larsen,PALLET_PICK,E,PL-5506,LN-22641
2026-06-04T09:52:00Z,FL-1,s.larsen,PALLET_PICK,E,PL-9738,LN-22116
2026-06-04T09:52:00Z,FL-1,s.larsen,PALLET_PICK,D,PL-6955,LN-23580
2026-06-04T09:52:00Z,FL-1,s.larsen,PALLET_DROP,F,PL-3272,LN-21231
2026-06-04T09:55:00Z,FL-1,s.larsen,PALLET_DROP,D,PL-5506,LN-22641
2026-06-04T09:55:00Z,FL-1,s.larsen,PALLET_DROP,B,PL-9738,LN-22116
2026-06-04T09:55:00Z,FL-1,s.larsen,PALLET_DROP,C,PL-6955,LN-23580
2026-06-04T11:12:00Z,FL-1,,DOCK_UNLOAD_START,D,,TRK-694
2026-06-04T11:18:00Z,FL-1,,DOCK_UNLOAD_END,D,,TRK-694
2026-06-04T14:40:00Z,FL-1,,DOCK_UNLOAD_START,D,,TRK-961
2026-06-04T14:50:00Z,FL-1,,DOCK_UNLOAD_END,D,,TRK-961
2026-06-04T14:53:00Z,FL-2,s.tanaka,PALLET_PICK,F,PL-2694,LN-22697
2026-06-04T14:54:00Z,FL-2,s.tanaka,PALLET_PICK,D,PL-2694,LN-22697
2026-06-04T14:54:00Z,FL-2,s.tanaka,PALLET_PICK,D,PL-6025,LN-21837
2026-06-04T14:55:00Z,FL-2,s.tanaka,PALLET_PICK,E,PL-6025,LN-21837
2026-06-04T14:56:00Z,FL-2,s.tanaka,PALLET_DROP,D,PL-2694,LN-22697
2026-06-04T14:56:00Z,FL-2,s.tanaka,PALLET_PICK,C,PL-9461,LN-25891
2026-06-04T14:56:00Z,FL-2,s.tanaka,PALLET_DROP,A,PL-2694,LN-22697
2026-06-04T14:56:00Z,FL-2,s.tanaka,PALLET_PICK,B,PL-5517,LN-20400
2026-06-04T14:57:00Z,FL-2,s.tanaka,PALLET_DROP,E,PL-6025,LN-21837
2026-06-04T14:58:00Z,FL-2,s.tanaka,PALLET_PICK,E,PL-5517,LN-20400
2026-06-04T14:58:00Z,FL-2,s.tanaka,PALLET_DROP,B,PL-6025,LN-21837
2026-06-04T14:58:00Z,FL-2,s.tanaka,PALLET_DROP,E,PL-5517,LN-20400
2026-06-04T14:59:00Z,FL-2,s.tanaka,PALLET_DROP,D,PL-9461,LN-25891
2026-06-04T14:59:00Z,FL-2,s.tanaka,PALLET_DROP,F,PL-5517,LN-20400
2026-06-04T16:07:00Z,FL-2,s.tanaka,PALLET_PICK,D,PL-9173,LN-23197
2026-06-04T16:07:00Z,FL-2,s.tanaka,PALLET_PICK,E,PL-7513,LN-21956
2026-06-04T16:08:00Z,FL-2,s.tanaka,PALLET_PICK,F,PL-2859,LN-20447
2026-06-04T16:09:00Z,FL-2,s.tanaka,PALLET_DROP,D,PL-7513,LN-21956
2026-06-04T16:10:00Z,FL-2,s.tanaka,PALLET_DROP,C,PL-9173,LN-23197
2026-06-04T16:11:00Z,FL-2,s.tanaka,PALLET_DROP,E,PL-2859,LN-20447
2026-06-04T18:21:00Z,FL-2,s.tanaka,PALLET_PICK,A,PL-4211,LN-26500
2026-06-04T18:21:00Z,FL-2,s.tanaka,PALLET_PICK,D,PL-1877,LN-23935
2026-06-04T18:22:00Z,FL-2,s.tanaka,PALLET_PICK,E,PL-1877,LN-23935
2026-06-04T18:22:00Z,FL-2,s.tanaka,PALLET_PICK,B,PL-3006,LN-20705
2026-06-04T18:23:00Z,FL-2,s.tanaka,PALLET_DROP,E,PL-1877,LN-23935
2026-06-04T18:24:00Z,FL-2,s.tanaka,PALLET_DROP,D,PL-4211,LN-26500
2026-06-04T18:24:00Z,FL-2,s.tanaka,PALLET_PICK,D,PL-3006,LN-20705
2026-06-04T18:26:00Z,FL-2,s.tanaka,PALLET_DROP,F,PL-1877,LN-23935
2026-06-04T18:26:00Z,FL-2,s.tanaka,PALLET_DROP,D,PL-3006,LN-20705
2026-06-04T18:26:00Z,FL-2,s.tanaka,PALLET_DROP,C,PL-3006,LN-20705
2026-06-05T07:30:00Z,FL-1,s.larsen,PALLET_PICK,B,PL-3371,LN-28694
2026-06-05T07:31:00Z,FL-1,s.larsen,PALLET_PICK,A,PL-3371,LN-28694
2026-06-05T07:32:00Z,FL-1,s.larsen,PALLET_PICK,F,PL-1877,LN-23935
2026-06-05T07:32:00Z,FL-1,s.larsen,PALLET_PICK,F,PL-9173,LN-23197
2026-06-05T07:33:00Z,FL-1,s.larsen,PALLET_PICK,C,PL-2194,LN-22903
2026-06-05T07:33:00Z,FL-1,s.larsen,PALLET_DROP,E,PL-3371,LN-28694
2026-06-05T07:33:00Z,FL-1,s.larsen,PALLET_DROP,A,PL-3371,LN-28694
2026-06-05T07:34:00Z,FL-1,s.larsen,PALLET_DROP,C,PL-9173,LN-23197
2026-06-05T07:34:00Z,FL-1,s.larsen,PALLET_DROP,E,PL-1877,LN-23935
2026-06-05T07:36:00Z,FL-1,s.larsen,PALLET_DROP,D,PL-2194,LN-22903
2026-06-05T07:42:00Z,FL-1,s.larsen,PALLET_PICK,A,PL-7707,LN-21790
2026-06-05T07:43:00Z,FL-1,s.larsen,PALLET_PICK,D,PL-4211,LN-26500
2026-06-05T07:43:00Z,FL-1,s.larsen,PALLET_PICK,C,PL-3006,LN-20705
2026-06-05T07:44:00Z,FL-1,s.larsen,PALLET_DROP,A,PL-4211,LN-26500
2026-06-05T07:44:00Z,FL-1,s.larsen,PALLET_PICK,B,PL-3006,LN-20705
2026-06-05T07:45:00Z,FL-1,s.larsen,PALLET_DROP,E,PL-7707,LN-21790
2026-06-05T07:45:00Z,FL-1,s.larsen,PALLET_DROP,B,PL-3006,LN-20705
2026-06-05T07:47:00Z,FL-1,s.larsen,PALLET_DROP,D,PL-3006,LN-20705
2026-06-05T08:30:00Z,FL-2,,DOCK_UNLOAD_START,D,,TRK-595
2026-06-05T08:52:00Z,FL-2,,DOCK_UNLOAD_END,D,,TRK-595
2026-06-05T09:25:00Z,FL-1,s.larsen,PALLET_PICK,F,PL-9122,LN-25325
2026-06-05T09:26:00Z,FL-1,s.larsen,PALLET_PICK,A,PL-9122,LN-25325
2026-06-05T09:26:00Z,FL-1,s.larsen,PALLET_PICK,F,PL-3272,LN-21231
2026-06-05T09:28:00Z,FL-1,s.larsen,PALLET_DROP,A,PL-9122,LN-25325
2026-06-05T09:29:00Z,FL-1,s.larsen,PALLET_DROP,E,PL-9122,LN-25325
2026-06-05T09:29:00Z,FL-1,s.larsen,PALLET_DROP,D,PL-3272,LN-21231
2026-06-05T11:40:00Z,FL-2,,DOCK_UNLOAD_START,D,,TRK-858
2026-06-05T11:54:00Z,FL-2,,DOCK_UNLOAD_END,D,,TRK-858
2026-06-05T14:32:00Z,FL-2,,DOCK_UNLOAD_START,D,,TRK-867
2026-06-05T14:54:00Z,FL-2,,DOCK_UNLOAD_END,D,,TRK-867
2026-06-05T16:54:00Z,FL-2,s.tanaka,PALLET_PICK,A,PL-2488,LN-27995
2026-06-05T16:54:00Z,FL-2,s.tanaka,PALLET_PICK,D,PL-9709,LN-21643
2026-06-05T16:55:00Z,FL-2,s.tanaka,PALLET_PICK,D,PL-9461,LN-25891
2026-06-05T16:55:00Z,FL-2,s.tanaka,PALLET_DROP,E,PL-2488,LN-27995
2026-06-05T16:56:00Z,FL-2,s.tanaka,PALLET_DROP,F,PL-9461,LN-25891
2026-06-05T16:56:00Z,FL-2,s.tanaka,PALLET_DROP,F,PL-9709,LN-21643
2026-06-05T16:56:00Z,FL-2,s.tanaka,PALLET_PICK,F,PL-9461,LN-25891
2026-06-05T16:59:00Z,FL-2,s.tanaka,PALLET_DROP,A,PL-9461,LN-25891
2026-06-05T20:46:00Z,FL-2,s.tanaka,PALLET_PICK,C,PL-1329,LN-25429
2026-06-05T20:46:00Z,FL-2,s.tanaka,PALLET_PICK,E,PL-2859,LN-20447
2026-06-05T20:48:00Z,FL-2,s.tanaka,PALLET_DROP,B,PL-1329,LN-25429
2026-06-05T20:48:00Z,FL-2,s.tanaka,PALLET_PICK,F,PL-2859,LN-20447
2026-06-05T20:50:00Z,FL-2,s.tanaka,PALLET_DROP,F,PL-2859,LN-20447
2026-06-05T20:52:00Z,FL-2,s.tanaka,PALLET_DROP,A,PL-2859,LN-20447
2026-06-06T07:13:00Z,FL-1,s.larsen,PALLET_PICK,E,PL-8784,LN-28611
2026-06-06T07:13:00Z,FL-1,s.larsen,PALLET_PICK,D,PL-3272,LN-21231
2026-06-06T07:15:00Z,FL-1,s.larsen,PALLET_DROP,B,PL-8784,LN-28611
2026-06-06T07:15:00Z,FL-1,s.larsen,PALLET_PICK,A,PL-3272,LN-21231
2026-06-06T07:16:00Z,FL-1,s.larsen,PALLET_PICK,E,PL-4218,LN-24714
2026-06-06T07:16:00Z,FL-1,s.larsen,PALLET_DROP,A,PL-3272,LN-21231
2026-06-06T07:17:00Z,FL-1,s.larsen,PALLET_PICK,F,PL-4218,LN-24714
2026-06-06T07:18:00Z,FL-1,s.larsen,PALLET_DROP,F,PL-4218,LN-24714
2026-06-06T07:19:00Z,FL-1,s.larsen,PALLET_DROP,E,PL-3272,LN-21231
2026-06-06T07:21:00Z,FL-1,s.larsen,PALLET_DROP,D,PL-4218,LN-24714
2026-06-06T12:10:00Z,FL-1,,DOCK_UNLOAD_START,D,,TRK-955
2026-06-06T12:54:00Z,FL-1,,DOCK_UNLOAD_END,D,,TRK-955
2026-06-06T13:44:00Z,FL-1,,DOCK_UNLOAD_START,D,,TRK-560
2026-06-06T13:56:00Z,FL-1,,DOCK_UNLOAD_END,D,,TRK-560
2026-06-07T11:41:00Z,FL-1,s.larsen,PALLET_PICK,F,PL-1607,LN-24334
2026-06-07T11:43:00Z,FL-1,s.larsen,PALLET_PICK,D,PL-1607,LN-24334
2026-06-07T11:43:00Z,FL-1,s.larsen,PALLET_PICK,C,PL-5214,LN-22997
2026-06-07T11:43:00Z,FL-1,s.larsen,PALLET_PICK,E,PL-7707,LN-21790
2026-06-07T11:43:00Z,FL-1,s.larsen,PALLET_DROP,D,PL-1607,LN-24334
2026-06-07T11:44:00Z,FL-1,s.larsen,PALLET_DROP,E,PL-5214,LN-22997
2026-06-07T11:44:00Z,FL-1,s.larsen,PALLET_PICK,F,PL-7707,LN-21790
2026-06-07T11:45:00Z,FL-1,s.larsen,PALLET_DROP,A,PL-1607,LN-24334
2026-06-07T11:45:00Z,FL-1,s.larsen,PALLET_DROP,F,PL-7707,LN-21790
2026-06-07T11:46:00Z,FL-1,s.larsen,PALLET_DROP,D,PL-7707,LN-21790
2026-06-07T19:32:00Z,FL-2,s.tanaka,PALLET_PICK,C,PL-6955,LN-23580
2026-06-07T19:32:00Z,FL-2,s.tanaka,PALLET_PICK,D,PL-7707,LN-21790
2026-06-07T19:34:00Z,FL-2,s.tanaka,PALLET_DROP,C,PL-7707,LN-21790
2026-06-07T19:35:00Z,FL-2,s.tanaka,PALLET_DROP,B,PL-6955,LN-23580
2026-06-07T19:58:00Z,FL-2,s.tanaka,PALLET_PICK,A,PL-3638,LN-20476
2026-06-07T19:59:00Z,FL-2,s.tanaka,PALLET_PICK,F,PL-8455,LN-29837
2026-06-07T19:59:00Z,FL-2,s.tanaka,PALLET_DROP,F,PL-3638,LN-20476
2026-06-07T20:02:00Z,FL-2,s.tanaka,PALLET_DROP,A,PL-8455,LN-29837
2026-06-08T07:32:00Z,FL-1,s.larsen,PALLET_PICK,F,PL-2432,LN-29308
2026-06-08T07:34:00Z,FL-1,s.larsen,PALLET_PICK,D,PL-2432,LN-29308
2026-06-08T07:34:00Z,FL-1,s.larsen,PALLET_PICK,B,PL-2813,LN-25671
2026-06-08T07:35:00Z,FL-1,s.larsen,PALLET_DROP,A,PL-2813,LN-25671
2026-06-08T07:35:00Z,FL-1,s.larsen,PALLET_DROP,D,PL-2432,LN-29308
2026-06-08T07:35:00Z,FL-1,s.larsen,PALLET_PICK,A,PL-2813,LN-25671
2026-06-08T07:36:00Z,FL-1,s.larsen,PALLET_PICK,F,PL-5517,LN-20400
2026-06-08T07:36:00Z,FL-1,s.larsen,PALLET_DROP,A,PL-2432,LN-29308
2026-06-08T07:36:00Z,FL-1,s.larsen,PALLET_PICK,C,PL-9173,LN-23197
2026-06-08T07:37:00Z,FL-1,s.larsen,PALLET_DROP,D,PL-2813,LN-25671
2026-06-08T07:37:00Z,FL-1,s.larsen,PALLET_DROP,A,PL-9173,LN-23197
2026-06-08T07:38:00Z,FL-1,s.larsen,PALLET_DROP,B,PL-5517,LN-20400
2026-06-08T09:09:00Z,FL-1,s.larsen,PALLET_PICK,E,PL-3496,LN-20373
2026-06-08T09:09:00Z,FL-1,s.larsen,PALLET_PICK,B,PL-1329,LN-25429
2026-06-08T09:10:00Z,FL-1,s.larsen,PALLET_PICK,B,PL-7147,LN-27074
2026-06-08T09:12:00Z,FL-1,s.larsen,PALLET_DROP,E,PL-1329,LN-25429
2026-06-08T09:13:00Z,FL-1,s.larsen,PALLET_DROP,B,PL-3496,LN-20373
2026-06-08T09:13:00Z,FL-1,s.larsen,PALLET_DROP,D,PL-7147,LN-27074
2026-06-08T10:26:00Z,FL-1,s.larsen,PALLET_PICK,C,PL-9748,LN-23756
2026-06-08T10:27:00Z,FL-1,s.larsen,PALLET_PICK,B,PL-9748,LN-23756
2026-06-08T10:27:00Z,FL-1,s.larsen,PALLET_PICK,F,PL-5883,LN-24449
2026-06-08T10:28:00Z,FL-1,s.larsen,PALLET_PICK,B,PL-9738,LN-22116
2026-06-08T10:28:00Z,FL-1,s.larsen,PALLET_DROP,B,PL-9748,LN-23756
2026-06-08T10:30:00Z,FL-1,s.larsen,PALLET_PICK,E,PL-9738,LN-22116
2026-06-08T10:30:00Z,FL-1,s.larsen,PALLET_DROP,D,PL-9748,LN-23756
2026-06-08T10:31:00Z,FL-1,s.larsen,PALLET_DROP,C,PL-9738,LN-22116
2026-06-08T10:31:00Z,FL-1,s.larsen,PALLET_DROP,B,PL-5883,LN-24449
2026-06-08T10:32:00Z,FL-1,s.larsen,PALLET_DROP,E,PL-9738,LN-22116
2026-06-08T11:25:00Z,FL-1,s.larsen,PALLET_PICK,F,PL-9563,LN-22275
2026-06-08T11:25:00Z,FL-1,s.larsen,PALLET_PICK,D,PL-3006,LN-20705
2026-06-08T11:26:00Z,FL-1,s.larsen,PALLET_PICK,E,PL-3006,LN-20705
2026-06-08T11:27:00Z,FL-1,s.larsen,PALLET_DROP,D,PL-9563,LN-22275
2026-06-08T11:28:00Z,FL-1,s.larsen,PALLET_DROP,E,PL-3006,LN-20705
2026-06-08T11:28:00Z,FL-1,s.larsen,PALLET_DROP,B,PL-3006,LN-20705
2026-06-08T11:30:00Z,FL-1,s.larsen,PALLET_PICK,E,PL-3272,LN-21231
2026-06-08T11:30:00Z,FL-1,s.larsen,PALLET_PICK,B,PL-4463,LN-21238
2026-06-08T11:32:00Z,FL-1,s.larsen,PALLET_PICK,C,PL-4463,LN-21238
2026-06-08T11:32:00Z,FL-1,s.larsen,PALLET_PICK,D,PL-3602,LN-25438
2026-06-08T11:32:00Z,FL-1,s.larsen,PALLET_DROP,C,PL-4463,LN-21238
2026-06-08T11:33:00Z,FL-1,s.larsen,PALLET_PICK,E,PL-9690,LN-26885
2026-06-08T11:33:00Z,FL-1,s.larsen,PALLET_DROP,E,PL-4463,LN-21238
2026-06-08T11:34:00Z,FL-1,s.larsen,PALLET_DROP,C,PL-3272,LN-21231
2026-06-08T11:34:00Z,FL-1,s.larsen,PALLET_DROP,F,PL-9690,LN-26885
2026-06-08T11:35:00Z,FL-1,s.larsen,PALLET_DROP,C,PL-3602,LN-25438
2026-06-08T12:57:00Z,FL-1,s.larsen,PALLET_PICK,E,PL-3371,LN-28694
2026-06-08T12:58:00Z,FL-1,s.larsen,PALLET_PICK,A,PL-3371,LN-28694
2026-06-08T12:58:00Z,FL-1,s.larsen,PALLET_PICK,A,PL-2859,LN-20447
2026-06-08T12:58:00Z,FL-1,s.larsen,PALLET_PICK,F,PL-9709,LN-21643
2026-06-08T12:59:00Z,FL-1,s.larsen,PALLET_DROP,A,PL-3371,LN-28694
2026-06-08T12:59:00Z,FL-1,s.larsen,PALLET_DROP,D,PL-2859,LN-20447
2026-06-08T13:00:00Z,FL-1,s.larsen,PALLET_PICK,A,PL-9709,LN-21643
2026-06-08T13:00:00Z,FL-1,s.larsen,PALLET_DROP,A,PL-9709,LN-21643
2026-06-08T13:00:00Z,FL-1,s.larsen,PALLET_DROP,C,PL-3371,LN-28694
2026-06-08T13:03:00Z,FL-1,s.larsen,PALLET_DROP,C,PL-9709,LN-21643
2026-06-08T13:24:00Z,FL-1,,DOCK_UNLOAD_START,D,,TRK-662
2026-06-08T13:44:00Z,FL-1,,DOCK_UNLOAD_END,D,,TRK-662
2026-06-08T17:57:00Z,FL-2,s.tanaka,PALLET_PICK,E,PL-5214,LN-22997
2026-06-08T17:58:00Z,FL-2,s.tanaka,PALLET_PICK,A,PL-5214,LN-22997
2026-06-08T17:58:00Z,FL-2,s.tanaka,PALLET_PICK,D,PL-8691,LN-21437
2026-06-08T17:59:00Z,FL-2,s.tanaka,PALLET_DROP,A,PL-5214,LN-22997
2026-06-08T18:01:00Z,FL-2,s.tanaka,PALLET_DROP,B,PL-8691,LN-21437
2026-06-08T18:02:00Z,FL-2,s.tanaka,PALLET_DROP,D,PL-5214,LN-22997
2026-06-08T20:32:00Z,FL-2,s.tanaka,PALLET_PICK,A,PL-4211,LN-26500
2026-06-08T20:34:00Z,FL-2,s.tanaka,PALLET_PICK,F,PL-4211,LN-26500
2026-06-08T20:34:00Z,FL-2,s.tanaka,PALLET_DROP,F,PL-4211,LN-26500
2026-06-08T20:34:00Z,FL-2,s.tanaka,PALLET_PICK,D,PL-7513,LN-21956
2026-06-08T20:34:00Z,FL-2,s.tanaka,PALLET_PICK,E,PL-9254,LN-25020
2026-06-08T20:35:00Z,FL-2,s.tanaka,PALLET_DROP,E,PL-4211,LN-26500
2026-06-08T20:36:00Z,FL-2,s.tanaka,PALLET_DROP,B,PL-9254,LN-25020
2026-06-08T20:37:00Z,FL-2,s.tanaka,PALLET_DROP,A,PL-7513,LN-21956
2026-06-09T07:42:00Z,FL-2,,DOCK_UNLOAD_START,D,,TRK-469
2026-06-09T07:50:00Z,FL-2,,DOCK_UNLOAD_END,D,,TRK-469
2026-06-09T08:22:00Z,FL-1,s.larsen,PALLET_PICK,E,PL-1329,LN-25429
2026-06-09T08:22:00Z,FL-1,s.larsen,PALLET_PICK,D,PL-2813,LN-25671
2026-06-09T08:23:00Z,FL-1,s.larsen,PALLET_DROP,D,PL-1329,LN-25429
2026-06-09T08:26:00Z,FL-1,s.larsen,PALLET_DROP,F,PL-2813,LN-25671
2026-06-09T08:44:00Z,FL-1,s.larsen,PALLET_PICK,F,PL-9886,LN-29228
2026-06-09T08:45:00Z,FL-1,s.larsen,PALLET_PICK,B,PL-9886,LN-29228
2026-06-09T08:46:00Z,FL-1,s.larsen,PALLET_PICK,E,PL-9122,LN-25325
2026-06-09T08:46:00Z,FL-1,s.larsen,PALLET_PICK,F,PL-4064,LN-25527
2026-06-09T08:47:00Z,FL-1,s.larsen,PALLET_DROP,B,PL-9886,LN-29228
2026-06-09T08:48:00Z,FL-1,s.larsen,PALLET_DROP,A,PL-9886,LN-29228
2026-06-09T08:48:00Z,FL-1,s.larsen,PALLET_DROP,B,PL-9122,LN-25325
2026-06-09T08:49:00Z,FL-1,s.larsen,PALLET_DROP,B,PL-4064,LN-25527
2026-06-09T10:02:00Z,FL-1,s.larsen,PALLET_PICK,B,PL-8691,LN-21437
2026-06-09T10:02:00Z,FL-1,s.larsen,PALLET_PICK,A,PL-9461,LN-25891
2026-06-09T10:02:00Z,FL-1,s.larsen,PALLET_PICK,F,PL-8691,LN-21437
2026-06-09T10:03:00Z,FL-1,s.larsen,PALLET_PICK,A,PL-6372,LN-24659
2026-06-09T10:03:00Z,FL-1,s.larsen,PALLET_DROP,F,PL-8691,LN-21437
2026-06-09T10:03:00Z,FL-1,s.larsen,PALLET_DROP,D,PL-9461,LN-25891
2026-06-09T10:04:00Z,FL-1,s.larsen,PALLET_DROP,E,PL-8691,LN-21437
2026-06-09T10:06:00Z,FL-1,s.larsen,PALLET_DROP,F,PL-6372,LN-24659
2026-06-09T12:00:00Z,FL-2,,DOCK_UNLOAD_START,D,,TRK-363
2026-06-09T12:14:00Z,FL-2,,DOCK_UNLOAD_END,D,,TRK-363
2026-06-09T14:42:00Z,FL-2,,DOCK_UNLOAD_START,B,,TRK-294
2026-06-09T14:58:00Z,FL-2,s.tanaka,PALLET_PICK,B,PL-8292,LN-24487
2026-06-09T14:59:00Z,FL-2,s.tanaka,PALLET_PICK,B,PL-2272,LN-21065
2026-06-09T14:59:00Z,FL-2,s.tanaka,PALLET_PICK,F,PL-4064,LN-25527
2026-06-09T15:01:00Z,FL-2,s.tanaka,PALLET_PICK,C,PL-4064,LN-25527
2026-06-09T15:01:00Z,FL-2,s.tanaka,PALLET_PICK,B,PL-3006,LN-20705
2026-06-09T15:02:00Z,FL-2,s.tanaka,PALLET_DROP,D,PL-2272,LN-21065
2026-06-09T15:02:00Z,FL-2,s.tanaka,PALLET_DROP,F,PL-8292,LN-24487
2026-06-09T15:02:00Z,FL-2,s.tanaka,PALLET_DROP,B,PL-4064,LN-25527
2026-06-09T15:03:00Z,FL-2,s.tanaka,PALLET_DROP,C,PL-4064,LN-25527
2026-06-09T15:05:00Z,FL-2,s.tanaka,PALLET_DROP,C,PL-3006,LN-20705
2026-06-09T15:26:00Z,FL-2,,DOCK_UNLOAD_END,B,,TRK-294
2026-06-09T15:48:00Z,FL-2,s.tanaka,PALLET_PICK,E,PL-4211,LN-26500
2026-06-09T15:48:00Z,FL-2,s.tanaka,PALLET_PICK,A,PL-5340,LN-24017
2026-06-09T15:48:00Z,FL-2,s.tanaka,PALLET_PICK,D,PL-5506,LN-22641
2026-06-09T15:51:00Z,FL-2,s.tanaka,PALLET_DROP,F,PL-4211,LN-26500
2026-06-09T15:51:00Z,FL-2,s.tanaka,PALLET_DROP,F,PL-5506,LN-22641
2026-06-09T15:52:00Z,FL-2,s.tanaka,PALLET_DROP,E,PL-5340,LN-24017
2026-06-09T15:56:00Z,FL-2,s.tanaka,PALLET_PICK,E,PL-9143,LN-25578
2026-06-09T15:57:00Z,FL-2,s.tanaka,PALLET_PICK,D,PL-2859,LN-20447
2026-06-09T15:57:00Z,FL-2,s.tanaka,PALLET_PICK,A,PL-9886,LN-29228
2026-06-09T15:59:00Z,FL-2,s.tanaka,PALLET_DROP,B,PL-9143,LN-25578
2026-06-09T16:00:00Z,FL-2,s.tanaka,PALLET_DROP,E,PL-2859,LN-20447
2026-06-09T16:00:00Z,FL-2,s.tanaka,PALLET_DROP,B,PL-9886,LN-29228
2026-06-09T16:09:00Z,FL-2,s.tanaka,PALLET_PICK,A,PL-9101,LN-25711
2026-06-09T16:09:00Z,FL-2,s.tanaka,PALLET_PICK,B,PL-4064,LN-25527
2026-06-09T16:10:00Z,FL-2,s.tanaka,PALLET_PICK,B,PL-7599,LN-25923
2026-06-09T16:11:00Z,FL-2,s.tanaka,PALLET_PICK,E,PL-7599,LN-25923
2026-06-09T16:11:00Z,FL-2,s.tanaka,PALLET_PICK,D,PL-7599,LN-25923
2026-06-09T16:11:00Z,FL-2,s.tanaka,PALLET_DROP,E,PL-7599,LN-25923
2026-06-09T16:11:00Z,FL-2,s.tanaka,PALLET_DROP,B,PL-9101,LN-25711
2026-06-09T16:12:00Z,FL-2,s.tanaka,PALLET_DROP,F,PL-4064,LN-25527
2026-06-09T16:12:00Z,FL-2,s.tanaka,PALLET_DROP,A,PL-7599,LN-25923
2026-06-09T16:13:00Z,FL-2,s.tanaka,PALLET_DROP,D,PL-7599,LN-25923
2026-06-10T09:26:00Z,FL-1,,DOCK_UNLOAD_START,D,,TRK-712
2026-06-10T09:30:00Z,FL-1,,DOCK_UNLOAD_END,D,,TRK-712
2026-06-10T09:34:00Z,FL-1,s.larsen,PALLET_PICK,F,PL-5506,LN-22641
2026-06-10T09:34:00Z,FL-1,s.larsen,PALLET_PICK,B,PL-3496,LN-20373
2026-06-10T09:35:00Z,FL-1,s.larsen,PALLET_PICK,A,PL-3496,LN-20373
2026-06-10T09:36:00Z,FL-1,s.larsen,PALLET_DROP,A,PL-3496,LN-20373
2026-06-10T09:36:00Z,FL-1,s.larsen,PALLET_PICK,D,PL-3496,LN-20373
2026-06-10T09:37:00Z,FL-1,s.larsen,PALLET_DROP,D,PL-3496,LN-20373
2026-06-10T09:37:00Z,FL-1,s.larsen,PALLET_DROP,B,PL-5506,LN-22641
2026-06-10T09:39:00Z,FL-1,s.larsen,PALLET_DROP,C,PL-3496,LN-20373
2026-06-10T11:35:00Z,FL-1,s.larsen,PALLET_PICK,A,PL-7599,LN-25923
2026-06-10T11:35:00Z,FL-1,s.larsen,PALLET_PICK,F,PL-3920,LN-28015
2026-06-10T11:36:00Z,FL-1,s.larsen,PALLET_PICK,A,PL-3920,LN-28015
2026-06-10T11:37:00Z,FL-1,s.larsen,PALLET_PICK,C,PL-7707,LN-21790
2026-06-10T11:37:00Z,FL-1,s.larsen,PALLET_PICK,B,PL-8784,LN-28611
2026-06-10T11:37:00Z,FL-1,s.larsen,PALLET_DROP,A,PL-3920,LN-28015
2026-06-10T11:38:00Z,FL-1,s.larsen,PALLET_DROP,E,PL-7599,LN-25923
2026-06-10T11:39:00Z,FL-1,s.larsen,PALLET_DROP,A,PL-8784,LN-28611
2026-06-10T11:39:00Z,FL-1,s.larsen,PALLET_DROP,C,PL-3920,LN-28015
2026-06-10T11:40:00Z,FL-1,s.larsen,PALLET_DROP,B,PL-7707,LN-21790
2026-06-10T12:18:00Z,FL-1,,DOCK_UNLOAD_START,B,,TRK-489
2026-06-10T12:40:00Z,FL-1,,DOCK_UNLOAD_END,B,,TRK-489
2026-06-10T15:42:00Z,FL-1,,DOCK_UNLOAD_START,D,,TRK-425
2026-06-10T15:58:00Z,FL-1,,DOCK_UNLOAD_END,D,,TRK-425
2026-06-10T18:35:00Z,FL-2,s.tanaka,PALLET_PICK,C,PL-3371,LN-28694
2026-06-10T18:36:00Z,FL-2,s.tanaka,PALLET_PICK,F,PL-6372,LN-24659
2026-06-10T18:37:00Z,FL-2,s.tanaka,PALLET_DROP,C,PL-6372,LN-24659
2026-06-10T18:39:00Z,FL-2,s.tanaka,PALLET_DROP,B,PL-3371,LN-28694
2026-06-10T19:41:00Z,FL-2,s.tanaka,PALLET_PICK,B,PL-9886,LN-29228
2026-06-10T19:41:00Z,FL-2,s.tanaka,PALLET_PICK,F,PL-4211,LN-26500
2026-06-10T19:42:00Z,FL-2,s.tanaka,PALLET_PICK,E,PL-4211,LN-26500
2026-06-10T19:44:00Z,FL-2,s.tanaka,PALLET_DROP,C,PL-9886,LN-29228
2026-06-10T19:44:00Z,FL-2,s.tanaka,PALLET_DROP,E,PL-4211,LN-26500
2026-06-10T19:45:00Z,FL-2,s.tanaka,PALLET_DROP,B,PL-4211,LN-26500
2026-06-10T20:31:00Z,FL-2,s.tanaka,PALLET_PICK,D,PL-2272,LN-21065
2026-06-10T20:33:00Z,FL-2,s.tanaka,PALLET_PICK,B,PL-2272,LN-21065
2026-06-10T20:33:00Z,FL-2,s.tanaka,PALLET_PICK,C,PL-4484,LN-23230
2026-06-10T20:33:00Z,FL-2,s.tanaka,PALLET_PICK,B,PL-5517,LN-20400
2026-06-10T20:34:00Z,FL-2,s.tanaka,PALLET_DROP,B,PL-2272,LN-21065
2026-06-10T20:34:00Z,FL-2,s.tanaka,PALLET_PICK,A,PL-5517,LN-20400
2026-06-10T20:35:00Z,FL-2,s.tanaka,PALLET_DROP,C,PL-2272,LN-21065
2026-06-10T20:36:00Z,FL-2,s.tanaka,PALLET_DROP,D,PL-4484,LN-23230
2026-06-10T20:37:00Z,FL-2,s.tanaka,PALLET_DROP,A,PL-5517,LN-20400
2026-06-10T20:37:00Z,FL-2,s.tanaka,PALLET_DROP,E,PL-5517,LN-20400
2026-06-11T09:04:00Z,FL-1,s.larsen,PALLET_PICK,E,PL-8691,LN-21437
2026-06-11T09:04:00Z,FL-1,s.larsen,PALLET_PICK,F,PL-2813,LN-25671
2026-06-11T09:05:00Z,FL-1,s.larsen,PALLET_PICK,C,PL-3602,LN-25438
2026-06-11T09:06:00Z,FL-1,s.larsen,PALLET_DROP,C,PL-2813,LN-25671
2026-06-11T09:07:00Z,FL-1,s.larsen,PALLET_DROP,E,PL-3602,LN-25438
2026-06-11T09:08:00Z,FL-1,s.larsen,PALLET_DROP,A,PL-8691,LN-21437
2026-06-11T09:18:00Z,FL-2,,DOCK_UNLOAD_START,D,,TRK-102
2026-06-11T09:22:00Z,FL-2,,DOCK_UNLOAD_START,D,,TRK-379
2026-06-11T09:38:00Z,FL-2,,DOCK_UNLOAD_END,D,,TRK-102
2026-06-11T10:22:00Z,FL-2,,DOCK_UNLOAD_END,D,,TRK-379
2026-06-11T11:10:00Z,FL-1,s.larsen,PALLET_PICK,A,PL-3272,LN-21231
2026-06-11T11:11:00Z,FL-1,s.larsen,PALLET_PICK,F,PL-5901,LN-27822
2026-06-11T11:13:00Z,FL-1,s.larsen,PALLET_DROP,E,PL-5901,LN-27822
2026-06-11T11:14:00Z,FL-1,s.larsen,PALLET_DROP,C,PL-3272,LN-21231
2026-06-11T11:45:00Z,FL-1,s.larsen,PALLET_PICK,E,PL-5517,LN-20400
2026-06-11T11:45:00Z,FL-1,s.larsen,PALLET_PICK,C,PL-3496,LN-20373
2026-06-11T11:46:00Z,FL-1,s.larsen,PALLET_PICK,A,PL-8455,LN-29837
2026-06-11T11:47:00Z,FL-1,s.larsen,PALLET_DROP,C,PL-5517,LN-20400
2026-06-11T11:49:00Z,FL-1,s.larsen,PALLET_DROP,D,PL-8455,LN-29837
2026-06-11T11:49:00Z,FL-1,s.larsen,PALLET_DROP,B,PL-3496,LN-20373
2026-06-11T14:26:00Z,FL-2,,DOCK_UNLOAD_START,B,,TRK-293
2026-06-11T14:34:00Z,FL-2,,DOCK_UNLOAD_END,B,,TRK-293
2026-06-11T14:52:00Z,FL-2,s.tanaka,PALLET_PICK,A,PL-2432,LN-29308
2026-06-11T14:52:00Z,FL-2,s.tanaka,PALLET_PICK,F,PL-3638,LN-20476
2026-06-11T14:53:00Z,FL-2,s.tanaka,PALLET_PICK,C,PL-3272,LN-21231
2026-06-11T14:54:00Z,FL-2,s.tanaka,PALLET_PICK,F,PL-3272,LN-21231
2026-06-11T14:55:00Z,FL-2,s.tanaka,PALLET_DROP,D,PL-2432,LN-29308
2026-06-11T14:55:00Z,FL-2,s.tanaka,PALLET_PICK,F,PL-9690,LN-26885
2026-06-11T14:55:00Z,FL-2,s.tanaka,PALLET_DROP,A,PL-3638,LN-20476
2026-06-11T14:56:00Z,FL-2,s.tanaka,PALLET_DROP,F,PL-3272,LN-21231
2026-06-11T14:57:00Z,FL-2,s.tanaka,PALLET_DROP,C,PL-9690,LN-26885
2026-06-11T14:57:00Z,FL-2,s.tanaka,PALLET_DROP,A,PL-3272,LN-21231
2026-06-11T17:28:00Z,FL-2,s.tanaka,PALLET_PICK,E,PL-7599,LN-25923
2026-06-11T17:28:00Z,FL-2,s.tanaka,PALLET_PICK,C,PL-8292,LN-24487
2026-06-11T17:30:00Z,FL-2,s.tanaka,PALLET_DROP,B,PL-8292,LN-24487
2026-06-11T17:32:00Z,FL-2,s.tanaka,PALLET_DROP,C,PL-7599,LN-25923
2026-06-11T18:07:00Z,FL-2,s.tanaka,PALLET_PICK,C,PL-2272,LN-21065
2026-06-11T18:08:00Z,FL-2,s.tanaka,PALLET_PICK,F,PL-8292,LN-24487
2026-06-11T18:09:00Z,FL-2,s.tanaka,PALLET_DROP,C,PL-8292,LN-24487
2026-06-11T18:11:00Z,FL-2,s.tanaka,PALLET_DROP,A,PL-2272,LN-21065
2026-06-12T07:49:00Z,FL-1,s.larsen,PALLET_PICK,E,PL-8424,LN-20976
2026-06-12T07:49:00Z,FL-1,s.larsen,PALLET_PICK,D,PL-8455,LN-29837
2026-06-12T07:50:00Z,FL-1,s.larsen,PALLET_PICK,E,PL-5901,LN-27822
2026-06-12T07:51:00Z,FL-1,s.larsen,PALLET_DROP,F,PL-5901,LN-27822
2026-06-12T07:52:00Z,FL-1,s.larsen,PALLET_DROP,B,PL-8455,LN-29837
2026-06-12T07:52:00Z,FL-1,s.larsen,PALLET_DROP,B,PL-8424,LN-20976
2026-06-12T08:00:00Z,FL-1,s.larsen,PALLET_PICK,B,PL-6025,LN-21837
2026-06-12T08:00:00Z,FL-1,s.larsen,PALLET_PICK,D,PL-9563,LN-22275
2026-06-12T08:01:00Z,FL-1,s.larsen,PALLET_PICK,F,PL-9563,LN-22275
2026-06-12T08:01:00Z,FL-1,s.larsen,PALLET_PICK,A,PL-2694,LN-22697
2026-06-12T08:02:00Z,FL-1,s.larsen,PALLET_PICK,B,PL-8292,LN-24487
2026-06-12T08:02:00Z,FL-1,s.larsen,PALLET_DROP,E,PL-9563,LN-22275
2026-06-12T08:03:00Z,FL-1,s.larsen,PALLET_DROP,D,PL-6025,LN-21837
2026-06-12T08:03:00Z,FL-1,s.larsen,PALLET_DROP,C,PL-2694,LN-22697
2026-06-12T08:03:00Z,FL-1,s.larsen,PALLET_PICK,A,PL-8292,LN-24487
2026-06-12T08:03:00Z,FL-1,s.larsen,PALLET_DROP,F,PL-9563,LN-22275
2026-06-12T08:04:00Z,FL-1,s.larsen,PALLET_DROP,A,PL-8292,LN-24487
2026-06-12T08:04:00Z,FL-1,s.larsen,PALLET_DROP,E,PL-8292,LN-24487
2026-06-12T08:14:00Z,FL-1,s.larsen,PALLET_PICK,E,PL-3602,LN-25438
2026-06-12T08:14:00Z,FL-1,s.larsen,PALLET_PICK,A,PL-5677,LN-22820
2026-06-12T08:16:00Z,FL-1,s.larsen,PALLET_PICK,F,PL-5677,LN-22820
2026-06-12T08:16:00Z,FL-1,s.larsen,PALLET_DROP,D,PL-3602,LN-25438
2026-06-12T08:16:00Z,FL-1,s.larsen,PALLET_DROP,F,PL-5677,LN-22820
2026-06-12T08:19:00Z,FL-1,s.larsen,PALLET_DROP,B,PL-5677,LN-22820
2026-06-12T11:52:00Z,FL-1,,DOCK_UNLOAD_START,B,,TRK-826
2026-06-12T12:24:00Z,FL-1,s.larsen,PALLET_PICK,A,PL-2272,LN-21065
2026-06-12T12:25:00Z,FL-1,s.larsen,PALLET_PICK,A,PL-3638,LN-20476
2026-06-12T12:26:00Z,FL-1,s.larsen,PALLET_PICK,F,PL-3638,LN-20476
2026-06-12T12:26:00Z,FL-1,s.larsen,PALLET_PICK,F,PL-5901,LN-27822
2026-06-12T12:27:00Z,FL-1,s.larsen,PALLET_DROP,F,PL-3638,LN-20476
2026-06-12T12:28:00Z,FL-1,s.larsen,PALLET_DROP,A,PL-5901,LN-27822
2026-06-12T12:28:00Z,FL-1,s.larsen,PALLET_DROP,B,PL-2272,LN-21065
2026-06-12T12:29:00Z,FL-1,s.larsen,PALLET_DROP,E,PL-3638,LN-20476
2026-06-12T12:36:00Z,FL-1,,DOCK_UNLOAD_END,B,,TRK-826
2026-06-12T14:51:00Z,FL-2,s.tanaka,PALLET_PICK,C,PL-2813,LN-25671
2026-06-12T14:51:00Z,FL-2,s.tanaka,PALLET_PICK,C,PL-2694,LN-22697
2026-06-12T14:52:00Z,FL-2,s.tanaka,PALLET_PICK,E,PL-2694,LN-22697
2026-06-12T14:53:00Z,FL-2,s.tanaka,PALLET_PICK,A,PL-7513,LN-21956
2026-06-12T14:53:00Z,FL-2,s.tanaka,PALLET_DROP,E,PL-2694,LN-22697
2026-06-12T14:54:00Z,FL-2,s.tanaka,PALLET_DROP,B,PL-2813,LN-25671
2026-06-12T14:54:00Z,FL-2,s.tanaka,PALLET_DROP,B,PL-2694,LN-22697
2026-06-12T14:54:00Z,FL-2,s.tanaka,PALLET_DROP,B,PL-7513,LN-21956
2026-06-12T18:07:00Z,FL-2,s.tanaka,PALLET_PICK,B,PL-2093,LN-22179
2026-06-12T18:07:00Z,FL-2,s.tanaka,PALLET_PICK,A,PL-2837,LN-22862
2026-06-12T18:09:00Z,FL-2,s.tanaka,PALLET_PICK,F,PL-2837,LN-22862
2026-06-12T18:09:00Z,FL-2,s.tanaka,PALLET_DROP,D,PL-2093,LN-22179
2026-06-12T18:10:00Z,FL-2,s.tanaka,PALLET_PICK,D,PL-2093,LN-22179
2026-06-12T18:10:00Z,FL-2,s.tanaka,PALLET_DROP,F,PL-2837,LN-22862
2026-06-12T18:10:00Z,FL-2,s.tanaka,PALLET_PICK,D,PL-5885,LN-27560
2026-06-12T18:10:00Z,FL-2,s.tanaka,PALLET_DROP,D,PL-2837,LN-22862
2026-06-12T18:12:00Z,FL-2,s.tanaka,PALLET_PICK,C,PL-5885,LN-27560
2026-06-12T18:12:00Z,FL-2,s.tanaka,PALLET_DROP,F,PL-2093,LN-22179
2026-06-12T18:12:00Z,FL-2,s.tanaka,PALLET_DROP,C,PL-5885,LN-27560
2026-06-12T18:15:00Z,FL-2,s.tanaka,PALLET_DROP,B,PL-5885,LN-27560
2026-06-12T20:28:00Z,FL-2,s.tanaka,PALLET_PICK,F,PL-2093,LN-22179
2026-06-12T20:29:00Z,FL-2,s.tanaka,PALLET_DROP,E,PL-2093,LN-22179
2026-06-12T20:29:00Z,FL-2,s.tanaka,PALLET_PICK,E,PL-2093,LN-22179
2026-06-12T20:30:00Z,FL-2,s.tanaka,PALLET_PICK,F,PL-6222,LN-28034
2026-06-12T20:31:00Z,FL-2,s.tanaka,PALLET_PICK,B,PL-6222,LN-28034
2026-06-12T20:31:00Z,FL-2,s.tanaka,PALLET_PICK,E,PL-1877,LN-23935
2026-06-12T20:31:00Z,FL-2,s.tanaka,PALLET_DROP,C,PL-2093,LN-22179
2026-06-12T20:33:00Z,FL-2,s.tanaka,PALLET_PICK,F,PL-1877,LN-23935
2026-06-12T20:33:00Z,FL-2,s.tanaka,PALLET_DROP,B,PL-6222,LN-28034
2026-06-12T20:34:00Z,FL-2,s.tanaka,PALLET_DROP,F,PL-1877,LN-23935
2026-06-12T20:35:00Z,FL-2,s.tanaka,PALLET_DROP,C,PL-6222,LN-28034
2026-06-12T20:36:00Z,FL-2,s.tanaka,PALLET_DROP,D,PL-1877,LN-23935
2026-06-12T21:21:00Z,FL-2,s.tanaka,PALLET_PICK,D,PL-2432,LN-29308
2026-06-12T21:22:00Z,FL-2,s.tanaka,PALLET_PICK,F,PL-2432,LN-29308
2026-06-12T21:22:00Z,FL-2,s.tanaka,PALLET_PICK,D,PL-6222,LN-28034
2026-06-12T21:23:00Z,FL-2,s.tanaka,PALLET_PICK,A,PL-8784,LN-28611
2026-06-12T21:23:00Z,FL-2,s.tanaka,PALLET_PICK,C,PL-3006,LN-20705
2026-06-12T21:24:00Z,FL-2,s.tanaka,PALLET_DROP,F,PL-6222,LN-28034
2026-06-12T21:24:00Z,FL-2,s.tanaka,PALLET_DROP,F,PL-2432,LN-29308
2026-06-12T21:24:00Z,FL-2,s.tanaka,PALLET_DROP,B,PL-2432,LN-29308
2026-06-12T21:25:00Z,FL-2,s.tanaka,PALLET_DROP,B,PL-8784,LN-28611
2026-06-12T21:25:00Z,FL-2,s.tanaka,PALLET_DROP,D,PL-3006,LN-20705
2026-06-13T09:47:00Z,FL-1,s.larsen,PALLET_PICK,A,PL-5547,LN-25677
2026-06-13T09:47:00Z,FL-1,s.larsen,PALLET_PICK,A,PL-9484,LN-22445
2026-06-13T09:50:00Z,FL-1,s.larsen,PALLET_DROP,B,PL-5547,LN-25677
2026-06-13T09:50:00Z,FL-1,s.larsen,PALLET_DROP,B,PL-9484,LN-22445
2026-06-13T11:50:00Z,FL-2,,DOCK_UNLOAD_START,D,,TRK-642
2026-06-13T12:00:00Z,FL-1,s.larsen,PALLET_PICK,E,PL-2859,LN-20447
2026-06-13T12:00:00Z,FL-1,s.larsen,PALLET_PICK,A,PL-5901,LN-27822
2026-06-13T12:01:00Z,FL-1,s.larsen,PALLET_PICK,D,PL-5547,LN-25677
2026-06-13T12:01:00Z,FL-1,s.larsen,PALLET_PICK,E,PL-3638,LN-20476
2026-06-13T12:02:00Z,FL-2,,DOCK_UNLOAD_END,D,,TRK-642
2026-06-13T12:03:00Z,FL-1,s.larsen,PALLET_DROP,A,PL-2859,LN-20447
2026-06-13T12:03:00Z,FL-1,s.larsen,PALLET_DROP,D,PL-5901,LN-27822
2026-06-13T12:03:00Z,FL-1,s.larsen,PALLET_DROP,C,PL-3638,LN-20476
2026-06-13T12:04:00Z,FL-1,s.larsen,PALLET_DROP,A,PL-5547,LN-25677
2026-06-13T15:40:00Z,FL-2,,DOCK_UNLOAD_START,B,,TRK-594
2026-06-13T16:24:00Z,FL-2,,DOCK_UNLOAD_END,B,,TRK-594
2026-06-13T19:06:00Z,FL-2,s.tanaka,PALLET_PICK,A,PL-2859,LN-20447
2026-06-13T19:06:00Z,FL-2,s.tanaka,PALLET_PICK,D,PL-6025,LN-21837
2026-06-13T19:07:00Z,FL-2,s.tanaka,PALLET_PICK,C,PL-9886,LN-29228
2026-06-13T19:07:00Z,FL-2,s.tanaka,PALLET_PICK,B,PL-9484,LN-22445
2026-06-13T19:08:00Z,FL-2,s.tanaka,PALLET_DROP,B,PL-2859,LN-20447
2026-06-13T19:09:00Z,FL-2,s.tanaka,PALLET_DROP,A,PL-9886,LN-29228
2026-06-13T19:09:00Z,FL-2,s.tanaka,PALLET_DROP,A,PL-6025,LN-21837
2026-06-13T19:09:00Z,FL-2,s.tanaka,PALLET_DROP,E,PL-9484,LN-22445
2026-06-14T08:44:00Z,FL-1,s.larsen,PALLET_PICK,D,PL-1329,LN-25429
2026-06-14T08:45:00Z,FL-1,s.larsen,PALLET_PICK,F,PL-1329,LN-25429
2026-06-14T08:45:00Z,FL-1,s.larsen,PALLET_PICK,C,PL-9690,LN-26885
2026-06-14T08:47:00Z,FL-1,s.larsen,PALLET_DROP,F,PL-1329,LN-25429
2026-06-14T08:48:00Z,FL-1,s.larsen,PALLET_DROP,D,PL-9690,LN-26885
2026-06-14T08:48:00Z,FL-1,s.larsen,PALLET_DROP,A,PL-1329,LN-25429
2026-06-14T10:52:00Z,FL-1,s.larsen,PALLET_PICK,C,PL-6222,LN-28034
2026-06-14T10:52:00Z,FL-1,s.larsen,PALLET_PICK,D,PL-2837,LN-22862
2026-06-14T10:53:00Z,FL-1,s.larsen,PALLET_PICK,E,PL-2837,LN-22862
2026-06-14T10:54:00Z,FL-1,s.larsen,PALLET_DROP,B,PL-6222,LN-28034
2026-06-14T10:56:00Z,FL-1,s.larsen,PALLET_DROP,E,PL-2837,LN-22862
2026-06-14T10:56:00Z,FL-1,s.larsen,PALLET_DROP,A,PL-2837,LN-22862
2026-06-14T15:34:00Z,FL-2,s.tanaka,PALLET_PICK,D,PL-4484,LN-23230
2026-06-14T15:35:00Z,FL-2,s.tanaka,PALLET_PICK,E,PL-4463,LN-21238
2026-06-14T15:35:00Z,FL-2,s.tanaka,PALLET_PICK,C,PL-3638,LN-20476
2026-06-14T15:36:00Z,FL-2,s.tanaka,PALLET_DROP,B,PL-4484,LN-23230
2026-06-14T15:37:00Z,FL-2,s.tanaka,PALLET_DROP,B,PL-4463,LN-21238
2026-06-14T15:37:00Z,FL-2,s.tanaka,PALLET_DROP,B,PL-3638,LN-20476
2026-06-15T08:30:00Z,FL-1,s.larsen,PALLET_PICK,D,PL-3006,LN-20705
2026-06-15T08:30:00Z,FL-1,s.larsen,PALLET_PICK,A,PL-6025,LN-21837
2026-06-15T08:31:00Z,FL-1,s.larsen,PALLET_PICK,F,PL-6025,LN-21837
2026-06-15T08:33:00Z,FL-1,s.larsen,PALLET_DROP,F,PL-6025,LN-21837
2026-06-15T08:34:00Z,FL-1,s.larsen,PALLET_DROP,D,PL-6025,LN-21837
2026-06-15T08:34:00Z,FL-1,s.larsen,PALLET_DROP,C,PL-3006,LN-20705
2026-06-15T08:42:00Z,FL-2,,DOCK_UNLOAD_START,D,,TRK-569
2026-06-15T09:09:00Z,FL-1,s.larsen,PALLET_PICK,C,PL-2093,LN-22179
2026-06-15T09:09:00Z,FL-1,s.larsen,PALLET_PICK,B,PL-2432,LN-29308
2026-06-15T09:10:00Z,FL-1,s.larsen,PALLET_PICK,E,PL-2432,LN-29308
2026-06-15T09:11:00Z,FL-1,s.larsen,PALLET_PICK,F,PL-2488,LN-27995
2026-06-15T09:12:00Z,FL-1,s.larsen,PALLET_DROP,F,PL-2093,LN-22179
2026-06-15T09:13:00Z,FL-1,s.larsen,PALLET_DROP,D,PL-2432,LN-29308
2026-06-15T09:13:00Z,FL-1,s.larsen,PALLET_DROP,E,PL-2432,LN-29308
2026-06-15T09:13:00Z,FL-1,s.larsen,PALLET_DROP,D,PL-2488,LN-27995
2026-06-15T09:26:00Z,FL-2,,DOCK_UNLOAD_END,D,,TRK-569
2026-06-15T09:27:00Z,FL-1,s.larsen,PALLET_PICK,C,PL-8424,LN-20976
2026-06-15T09:28:00Z,FL-1,s.larsen,PALLET_PICK,B,PL-8424,LN-20976
2026-06-15T09:29:00Z,FL-1,s.larsen,PALLET_PICK,A,PL-8691,LN-21437
2026-06-15T09:30:00Z,FL-1,s.larsen,PALLET_PICK,D,PL-2194,LN-22903
2026-06-15T09:30:00Z,FL-1,s.larsen,PALLET_DROP,F,PL-8424,LN-20976
2026-06-15T09:30:00Z,FL-1,s.larsen,PALLET_PICK,E,PL-5340,LN-24017
2026-06-15T09:30:00Z,FL-1,s.larsen,PALLET_DROP,B,PL-8424,LN-20976
2026-06-15T09:31:00Z,FL-1,s.larsen,PALLET_PICK,A,PL-5340,LN-24017
2026-06-15T09:32:00Z,FL-1,s.larsen,PALLET_DROP,A,PL-5340,LN-24017
2026-06-15T09:33:00Z,FL-1,s.larsen,PALLET_DROP,A,PL-2194,LN-22903
2026-06-15T09:33:00Z,FL-1,s.larsen,PALLET_DROP,D,PL-5340,LN-24017
2026-06-15T09:33:00Z,FL-1,s.larsen,PALLET_DROP,E,PL-8691,LN-21437
2026-06-15T09:42:00Z,FL-2,,DOCK_UNLOAD_START,B,,TRK-362
2026-06-15T09:48:00Z,FL-2,,DOCK_UNLOAD_END,B,,TRK-362
2026-06-15T10:16:00Z,FL-2,,DOCK_UNLOAD_START,D,,TRK-582
2026-06-15T10:28:00Z,FL-2,,DOCK_UNLOAD_END,D,,TRK-582
2026-06-15T11:17:00Z,FL-1,s.larsen,PALLET_PICK,E,PL-4218,LN-24714
2026-06-15T11:17:00Z,FL-1,s.larsen,PALLET_PICK,D,PL-9461,LN-25891
2026-06-15T11:18:00Z,FL-1,s.larsen,PALLET_DROP,F,PL-4218,LN-24714
2026-06-15T11:21:00Z,FL-1,s.larsen,PALLET_DROP,B,PL-9461,LN-25891
2026-06-15T11:34:00Z,FL-1,s.larsen,PALLET_PICK,D,PL-2432,LN-29308
2026-06-15T11:34:00Z,FL-1,s.larsen,PALLET_PICK,C,PL-3006,LN-20705
2026-06-15T11:34:00Z,FL-1,s.larsen,PALLET_PICK,A,PL-3509,LN-20206
2026-06-15T11:35:00Z,FL-1,s.larsen,PALLET_PICK,F,PL-4218,LN-24714
2026-06-15T11:37:00Z,FL-1,s.larsen,PALLET_DROP,B,PL-2432,LN-29308
2026-06-15T11:38:00Z,FL-1,s.larsen,PALLET_DROP,F,PL-3006,LN-20705
2026-06-15T11:38:00Z,FL-1,s.larsen,PALLET_DROP,C,PL-3509,LN-20206
2026-06-15T11:38:00Z,FL-1,s.larsen,PALLET_DROP,D,PL-4218,LN-24714
2026-06-15T12:38:00Z,FL-2,,DOCK_UNLOAD_START,D,,TRK-667
2026-06-15T12:58:00Z,FL-2,,DOCK_UNLOAD_END,D,,TRK-667
2026-06-15T16:42:00Z,FL-2,s.tanaka,PALLET_PICK,B,PL-8424,LN-20976
2026-06-15T16:42:00Z,FL-2,s.tanaka,PALLET_PICK,C,PL-5517,LN-20400
2026-06-15T16:43:00Z,FL-2,s.tanaka,PALLET_PICK,A,PL-9173,LN-23197
2026-06-15T16:44:00Z,FL-2,s.tanaka,PALLET_DROP,B,PL-5517,LN-20400
2026-06-15T16:44:00Z,FL-2,s.tanaka,PALLET_PICK,F,PL-9173,LN-23197
2026-06-15T16:45:00Z,FL-2,s.tanaka,PALLET_PICK,E,PL-2488,LN-27995
2026-06-15T16:46:00Z,FL-2,s.tanaka,PALLET_DROP,F,PL-9173,LN-23197
2026-06-15T16:46:00Z,FL-2,s.tanaka,PALLET_DROP,C,PL-8424,LN-20976
2026-06-15T16:47:00Z,FL-2,s.tanaka,PALLET_DROP,D,PL-9173,LN-23197
2026-06-15T16:48:00Z,FL-2,s.tanaka,PALLET_DROP,F,PL-2488,LN-27995
2026-06-15T17:13:00Z,FL-2,s.tanaka,PALLET_PICK,C,PL-7599,LN-25923
2026-06-15T17:14:00Z,FL-2,s.tanaka,PALLET_PICK,E,PL-8691,LN-21437
2026-06-15T17:14:00Z,FL-2,s.tanaka,PALLET_PICK,A,PL-2194,LN-22903
2026-06-15T17:14:00Z,FL-2,s.tanaka,PALLET_PICK,D,PL-4218,LN-24714
2026-06-15T17:15:00Z,FL-2,s.tanaka,PALLET_DROP,D,PL-7599,LN-25923
2026-06-15T17:16:00Z,FL-2,s.tanaka,PALLET_DROP,C,PL-2194,LN-22903
2026-06-15T17:16:00Z,FL-2,s.tanaka,PALLET_DROP,E,PL-4218,LN-24714
2026-06-15T17:16:00Z,FL-2,s.tanaka,PALLET_DROP,D,PL-8691,LN-21437
2026-06-16T07:24:00Z,FL-1,,DOCK_UNLOAD_START,B,,TRK-129
2026-06-16T07:40:00Z,FL-1,,DOCK_UNLOAD_END,B,,TRK-129
2026-06-16T09:35:00Z,FL-1,s.larsen,PALLET_PICK,E,PL-9484,LN-22445
2026-06-16T09:36:00Z,FL-1,s.larsen,PALLET_PICK,A,PL-1329,LN-25429
2026-06-16T09:37:00Z,FL-1,s.larsen,PALLET_PICK,D,PL-1329,LN-25429
2026-06-16T09:37:00Z,FL-1,s.larsen,PALLET_PICK,A,PL-9886,LN-29228
2026-06-16T09:38:00Z,FL-1,s.larsen,PALLET_DROP,D,PL-1329,LN-25429
2026-06-16T09:38:00Z,FL-1,s.larsen,PALLET_DROP,D,PL-9484,LN-22445
2026-06-16T09:39:00Z,FL-1,s.larsen,PALLET_DROP,C,PL-9886,LN-29228
2026-06-16T09:40:00Z,FL-1,s.larsen,PALLET_DROP,F,PL-1329,LN-25429
2026-06-16T10:34:00Z,FL-1,,DOCK_UNLOAD_START,B,,TRK-986
2026-06-16T10:46:00Z,FL-1,,DOCK_UNLOAD_END,B,,TRK-986
2026-06-16T11:46:00Z,FL-1,,DOCK_UNLOAD_START,B,,TRK-856
2026-06-16T12:03:00Z,FL-1,s.larsen,PALLET_PICK,F,PL-3006,LN-20705
2026-06-16T12:03:00Z,FL-1,s.larsen,PALLET_PICK,B,PL-7513,LN-21956
2026-06-16T12:04:00Z,FL-1,s.larsen,PALLET_PICK,A,PL-1607,LN-24334
2026-06-16T12:05:00Z,FL-1,s.larsen,PALLET_DROP,D,PL-7513,LN-21956
2026-06-16T12:06:00Z,FL-1,s.larsen,PALLET_DROP,C,PL-3006,LN-20705
2026-06-16T12:07:00Z,FL-1,s.larsen,PALLET_DROP,D,PL-1607,LN-24334
2026-06-16T12:30:00Z,FL-1,,DOCK_UNLOAD_END,B,,TRK-856
2026-06-16T13:20:00Z,FL-1,,DOCK_UNLOAD_START,B,,TRK-144
2026-06-16T13:32:00Z,FL-1,,DOCK_UNLOAD_END,B,,TRK-144
2026-06-16T17:35:00Z,FL-2,s.tanaka,PALLET_PICK,F,PL-8424,LN-20976
2026-06-16T17:35:00Z,FL-2,s.tanaka,PALLET_PICK,F,PL-2093,LN-22179
2026-06-16T17:36:00Z,FL-2,s.tanaka,PALLET_DROP,B,PL-8424,LN-20976
2026-06-16T17:37:00Z,FL-2,s.tanaka,PALLET_DROP,D,PL-2093,LN-22179
2026-06-16T21:00:00Z,FL-2,s.tanaka,PALLET_PICK,E,PL-9563,LN-22275
2026-06-16T21:01:00Z,FL-2,s.tanaka,PALLET_PICK,B,PL-5506,LN-22641
2026-06-16T21:01:00Z,FL-2,s.tanaka,PALLET_PICK,A,PL-2837,LN-22862
2026-06-16T21:01:00Z,FL-2,s.tanaka,PALLET_PICK,D,PL-9748,LN-23756
2026-06-16T21:02:00Z,FL-2,s.tanaka,PALLET_PICK,B,PL-6955,LN-23580
2026-06-16T21:02:00Z,FL-2,s.tanaka,PALLET_PICK,D,PL-2837,LN-22862
2026-06-16T21:02:00Z,FL-2,s.tanaka,PALLET_DROP,F,PL-9563,LN-22275
2026-06-16T21:03:00Z,FL-2,s.tanaka,PALLET_DROP,E,PL-6955,LN-23580
2026-06-16T21:04:00Z,FL-2,s.tanaka,PALLET_DROP,D,PL-2837,LN-22862
2026-06-16T21:04:00Z,FL-2,s.tanaka,PALLET_DROP,F,PL-9748,LN-23756
2026-06-16T21:04:00Z,FL-2,s.tanaka,PALLET_DROP,C,PL-5506,LN-22641
2026-06-16T21:06:00Z,FL-2,s.tanaka,PALLET_DROP,E,PL-2837,LN-22862
2026-06-17T07:32:00Z,FL-2,,DOCK_UNLOAD_START,D,,TRK-980
2026-06-17T07:54:00Z,FL-2,,DOCK_UNLOAD_END,D,,TRK-980
2026-06-17T08:14:00Z,FL-1,s.larsen,PALLET_PICK,A,PL-2859,LN-20447
2026-06-17T08:14:00Z,FL-1,s.larsen,PALLET_PICK,B,PL-5677,LN-22820
2026-06-17T08:15:00Z,FL-1,s.larsen,PALLET_PICK,C,PL-5677,LN-22820
2026-06-17T08:17:00Z,FL-1,s.larsen,PALLET_DROP,C,PL-5677,LN-22820
2026-06-17T08:17:00Z,FL-1,s.larsen,PALLET_DROP,D,PL-2859,LN-20447
2026-06-17T08:19:00Z,FL-1,s.larsen,PALLET_DROP,E,PL-5677,LN-22820
2026-06-17T12:04:00Z,FL-1,s.larsen,PALLET_PICK,B,PL-4563,LN-20722
2026-06-17T12:05:00Z,FL-1,s.larsen,PALLET_PICK,F,PL-4563,LN-20722
2026-06-17T12:05:00Z,FL-1,s.larsen,PALLET_PICK,E,PL-5677,LN-22820
2026-06-17T12:07:00Z,FL-1,s.larsen,PALLET_PICK,F,PL-5677,LN-22820
2026-06-17T12:07:00Z,FL-1,s.larsen,PALLET_DROP,F,PL-4563,LN-20722
2026-06-17T12:07:00Z,FL-1,s.larsen,PALLET_PICK,C,PL-9886,LN-29228
2026-06-17T12:08:00Z,FL-1,s.larsen,PALLET_DROP,F,PL-5677,LN-22820
2026-06-17T12:08:00Z,FL-1,s.larsen,PALLET_DROP,D,PL-4563,LN-20722
2026-06-17T12:08:00Z,FL-1,s.larsen,PALLET_DROP,B,PL-5677,LN-22820
2026-06-17T12:09:00Z,FL-1,s.larsen,PALLET_DROP,B,PL-9886,LN-29228
2026-06-17T13:03:00Z,FL-1,s.larsen,PALLET_PICK,E,PL-8292,LN-24487
2026-06-17T13:04:00Z,FL-1,s.larsen,PALLET_PICK,F,PL-9748,LN-23756
2026-06-17T13:05:00Z,FL-1,s.larsen,PALLET_PICK,C,PL-9748,LN-23756
2026-06-17T13:05:00Z,FL-1,s.larsen,PALLET_PICK,A,PL-7513,LN-21956
2026-06-17T13:06:00Z,FL-1,s.larsen,PALLET_DROP,C,PL-9748,LN-23756
2026-06-17T13:07:00Z,FL-1,s.larsen,PALLET_DROP,B,PL-8292,LN-24487
2026-06-17T13:08:00Z,FL-1,s.larsen,PALLET_DROP,E,PL-9748,LN-23756
2026-06-17T13:08:00Z,FL-1,s.larsen,PALLET_DROP,C,PL-7513,LN-21956
2026-06-17T17:58:00Z,FL-2,s.tanaka,PALLET_PICK,B,PL-2859,LN-20447
2026-06-17T17:59:00Z,FL-2,s.tanaka,PALLET_PICK,F,PL-2859,LN-20447
2026-06-17T17:59:00Z,FL-2,s.tanaka,PALLET_PICK,E,PL-2837,LN-22862
2026-06-17T18:00:00Z,FL-2,s.tanaka,PALLET_DROP,F,PL-2859,LN-20447
2026-06-17T18:00:00Z,FL-2,s.tanaka,PALLET_DROP,F,PL-2837,LN-22862
2026-06-17T18:01:00Z,FL-2,s.tanaka,PALLET_PICK,F,PL-2837,LN-22862
2026-06-17T18:02:00Z,FL-2,s.tanaka,PALLET_DROP,A,PL-2859,LN-20447
2026-06-17T18:03:00Z,FL-2,s.tanaka,PALLET_DROP,D,PL-2837,LN-22862
2026-06-17T18:16:00Z,FL-2,s.tanaka,PALLET_PICK,E,PL-9748,LN-23756
2026-06-17T18:17:00Z,FL-2,s.tanaka,PALLET_PICK,F,PL-9748,LN-23756
2026-06-17T18:18:00Z,FL-2,s.tanaka,PALLET_PICK,D,PL-2093,LN-22179
2026-06-17T18:18:00Z,FL-2,s.tanaka,PALLET_PICK,E,PL-6955,LN-23580
2026-06-17T18:19:00Z,FL-2,s.tanaka,PALLET_PICK,B,PL-6955,LN-23580
2026-06-17T18:20:00Z,FL-2,s.tanaka,PALLET_DROP,F,PL-9748,LN-23756
2026-06-17T18:21:00Z,FL-2,s.tanaka,PALLET_DROP,F,PL-2093,LN-22179
2026-06-17T18:21:00Z,FL-2,s.tanaka,PALLET_DROP,B,PL-9748,LN-23756
2026-06-17T18:22:00Z,FL-2,s.tanaka,PALLET_DROP,B,PL-6955,LN-23580
2026-06-17T18:23:00Z,FL-2,s.tanaka,PALLET_DROP,F,PL-6955,LN-23580
2026-06-17T20:48:00Z,FL-2,s.tanaka,PALLET_PICK,F,PL-9563,LN-22275
2026-06-17T20:48:00Z,FL-2,s.tanaka,PALLET_PICK,D,PL-1607,LN-24334
2026-06-17T20:49:00Z,FL-2,s.tanaka,PALLET_PICK,A,PL-1607,LN-24334
2026-06-17T20:50:00Z,FL-2,s.tanaka,PALLET_PICK,B,PL-6443,LN-22416
2026-06-17T20:50:00Z,FL-2,s.tanaka,PALLET_PICK,D,PL-7513,LN-21956
2026-06-17T20:50:00Z,FL-2,s.tanaka,PALLET_DROP,C,PL-9563,LN-22275
2026-06-17T20:51:00Z,FL-2,s.tanaka,PALLET_DROP,A,PL-1607,LN-24334
2026-06-17T20:51:00Z,FL-2,s.tanaka,PALLET_DROP,B,PL-1607,LN-24334
2026-06-17T20:52:00Z,FL-2,s.tanaka,PALLET_DROP,C,PL-6443,LN-22416
2026-06-17T20:53:00Z,FL-2,s.tanaka,PALLET_DROP,A,PL-7513,LN-21956
2026-06-18T08:27:00Z,FL-1,s.larsen,PALLET_PICK,B,PL-8784,LN-28611
2026-06-18T08:28:00Z,FL-1,s.larsen,PALLET_PICK,C,PL-8784,LN-28611
2026-06-18T08:28:00Z,FL-1,s.larsen,PALLET_PICK,C,PL-2194,LN-22903
2026-06-18T08:30:00Z,FL-1,s.larsen,PALLET_DROP,C,PL-8784,LN-28611
2026-06-18T08:31:00Z,FL-1,s.larsen,PALLET_DROP,E,PL-2194,LN-22903
2026-06-18T08:32:00Z,FL-1,s.larsen,PALLET_DROP,E,PL-8784,LN-28611
2026-06-18T08:46:00Z,FL-1,s.larsen,PALLET_PICK,E,PL-8784,LN-28611
2026-06-18T08:46:00Z,FL-1,s.larsen,PALLET_PICK,E,PL-2194,LN-22903
2026-06-18T08:47:00Z,FL-1,s.larsen,PALLET_PICK,C,PL-3272,LN-21231
2026-06-18T08:49:00Z,FL-1,s.larsen,PALLET_DROP,C,PL-8784,LN-28611
2026-06-18T08:49:00Z,FL-1,s.larsen,PALLET_DROP,B,PL-2194,LN-22903
2026-06-18T08:50:00Z,FL-1,s.larsen,PALLET_DROP,E,PL-3272,LN-21231
2026-06-18T09:58:00Z,FL-1,s.larsen,PALLET_PICK,C,PL-3006,LN-20705
2026-06-18T09:59:00Z,FL-1,s.larsen,PALLET_PICK,A,PL-3006,LN-20705
2026-06-18T10:00:00Z,FL-1,s.larsen,PALLET_PICK,D,PL-9690,LN-26885
2026-06-18T10:01:00Z,FL-1,s.larsen,PALLET_PICK,C,PL-9690,LN-26885
2026-06-18T10:01:00Z,FL-1,s.larsen,PALLET_PICK,E,PL-3272,LN-21231
2026-06-18T10:01:00Z,FL-1,s.larsen,PALLET_DROP,D,PL-3006,LN-20705
2026-06-18T10:02:00Z,FL-1,s.larsen,PALLET_DROP,C,PL-9690,LN-26885
2026-06-18T10:02:00Z,FL-1,s.larsen,PALLET_DROP,A,PL-3006,LN-20705
2026-06-18T10:02:00Z,FL-1,s.larsen,PALLET_DROP,D,PL-3272,LN-21231
2026-06-18T10:03:00Z,FL-1,s.larsen,PALLET_PICK,D,PL-3272,LN-21231
2026-06-18T10:03:00Z,FL-1,s.larsen,PALLET_DROP,B,PL-9690,LN-26885
2026-06-18T10:06:00Z,FL-1,s.larsen,PALLET_DROP,F,PL-3272,LN-21231
2026-06-18T11:12:00Z,FL-1,,DOCK_UNLOAD_START,B,,TRK-691
2026-06-18T11:16:00Z,FL-1,,DOCK_UNLOAD_END,B,,TRK-691
2026-06-18T14:12:00Z,FL-1,,DOCK_UNLOAD_START,B,,TRK-884
2026-06-18T14:32:00Z,FL-1,,DOCK_UNLOAD_END,B,,TRK-884
2026-06-18T14:49:00Z,FL-2,s.tanaka,PALLET_PICK,B,PL-3371,LN-28694
2026-06-18T14:50:00Z,FL-2,s.tanaka,PALLET_PICK,D,PL-2859,LN-20447
2026-06-18T14:52:00Z,FL-2,s.tanaka,PALLET_DROP,B,PL-2859,LN-20447
2026-06-18T14:52:00Z,FL-2,s.tanaka,PALLET_DROP,C,PL-3371,LN-28694
2026-06-18T16:17:00Z,FL-2,s.tanaka,PALLET_PICK,B,PL-2272,LN-21065
2026-06-18T16:17:00Z,FL-2,s.tanaka,PALLET_PICK,C,PL-3920,LN-28015
2026-06-18T16:18:00Z,FL-2,s.tanaka,PALLET_PICK,F,PL-2093,LN-22179
2026-06-18T16:18:00Z,FL-2,s.tanaka,PALLET_PICK,C,PL-3509,LN-20206
2026-06-18T16:19:00Z,FL-2,s.tanaka,PALLET_DROP,A,PL-3509,LN-20206
2026-06-18T16:19:00Z,FL-2,s.tanaka,PALLET_DROP,E,PL-2272,LN-21065
2026-06-18T16:20:00Z,FL-2,s.tanaka,PALLET_DROP,D,PL-3920,LN-28015
2026-06-18T16:22:00Z,FL-2,s.tanaka,PALLET_DROP,E,PL-2093,LN-22179
2026-06-18T17:21:00Z,FL-2,s.tanaka,PALLET_PICK,B,PL-2813,LN-25671
2026-06-18T17:23:00Z,FL-2,s.tanaka,PALLET_PICK,E,PL-2813,LN-25671
2026-06-18T17:23:00Z,FL-2,s.tanaka,PALLET_PICK,B,PL-5517,LN-20400
2026-06-18T17:24:00Z,FL-2,s.tanaka,PALLET_DROP,E,PL-2813,LN-25671
2026-06-18T17:24:00Z,FL-2,s.tanaka,PALLET_PICK,E,PL-5517,LN-20400
2026-06-18T17:25:00Z,FL-2,s.tanaka,PALLET_PICK,D,PL-8691,LN-21437
2026-06-18T17:25:00Z,FL-2,s.tanaka,PALLET_DROP,D,PL-2813,LN-25671
2026-06-18T17:26:00Z,FL-2,s.tanaka,PALLET_DROP,A,PL-5517,LN-20400
2026-06-18T17:27:00Z,FL-2,s.tanaka,PALLET_DROP,E,PL-5517,LN-20400
2026-06-18T17:28:00Z,FL-2,s.tanaka,PALLET_DROP,C,PL-8691,LN-21437
2026-06-19T06:30:00Z,FL-1,s.larsen,PALLET_PICK,E,PL-6443,LN-22416
2026-06-19T06:30:00Z,FL-1,s.larsen,PALLET_PICK,C,PL-6372,LN-24659
2026-06-19T06:32:00Z,FL-1,s.larsen,PALLET_DROP,D,PL-6372,LN-24659
2026-06-19T06:33:00Z,FL-1,s.larsen,PALLET_DROP,D,PL-6443,LN-22416
2026-06-19T08:12:00Z,FL-2,,DOCK_UNLOAD_START,B,,TRK-144
2026-06-19T08:14:00Z,FL-2,,DOCK_UNLOAD_END,B,,TRK-144
2026-06-19T08:56:00Z,FL-1,s.larsen,PALLET_PICK,D,PL-2488,LN-27995
2026-06-19T08:56:00Z,FL-1,s.larsen,PALLET_PICK,B,PL-9143,LN-25578
2026-06-19T08:58:00Z,FL-1,s.larsen,PALLET_DROP,B,PL-2488,LN-27995
2026-06-19T09:00:00Z,FL-1,s.larsen,PALLET_DROP,C,PL-9143,LN-25578
2026-06-19T09:21:00Z,FL-1,s.larsen,PALLET_PICK,D,PL-6372,LN-24659
2026-06-19T09:21:00Z,FL-1,s.larsen,PALLET_PICK,B,PL-8292,LN-24487
2026-06-19T09:22:00Z,FL-1,s.larsen,PALLET_PICK,B,PL-9122,LN-25325
2026-06-19T09:23:00Z,FL-1,s.larsen,PALLET_PICK,D,PL-9122,LN-25325
2026-06-19T09:23:00Z,FL-1,s.larsen,PALLET_DROP,B,PL-6372,LN-24659
2026-06-19T09:23:00Z,FL-1,s.larsen,PALLET_PICK,F,PL-8292,LN-24487
2026-06-19T09:24:00Z,FL-1,s.larsen,PALLET_DROP,D,PL-9122,LN-25325
2026-06-19T09:24:00Z,FL-1,s.larsen,PALLET_DROP,F,PL-8292,LN-24487
2026-06-19T09:24:00Z,FL-1,s.larsen,PALLET_PICK,B,PL-8292,LN-24487
2026-06-19T09:25:00Z,FL-1,s.larsen,PALLET_DROP,B,PL-8292,LN-24487
2026-06-19T09:26:00Z,FL-1,s.larsen,PALLET_DROP,A,PL-9122,LN-25325
2026-06-19T09:28:00Z,FL-1,s.larsen,PALLET_DROP,D,PL-8292,LN-24487
2026-06-19T12:54:00Z,FL-2,,DOCK_UNLOAD_START,D,,TRK-193
2026-06-19T13:14:00Z,FL-2,,DOCK_UNLOAD_END,D,,TRK-193
2026-06-19T14:57:00Z,FL-2,s.tanaka,PALLET_PICK,C,PL-6443,LN-22416
2026-06-19T14:57:00Z,FL-2,s.tanaka,PALLET_PICK,D,PL-5298,LN-22132
2026-06-19T14:58:00Z,FL-2,s.tanaka,PALLET_PICK,A,PL-5517,LN-20400
2026-06-19T14:58:00Z,FL-2,s.tanaka,PALLET_PICK,E,PL-2093,LN-22179
2026-06-19T14:59:00Z,FL-2,s.tanaka,PALLET_DROP,E,PL-6443,LN-22416
2026-06-19T15:01:00Z,FL-2,s.tanaka,PALLET_DROP,F,PL-5298,LN-22132
2026-06-19T15:01:00Z,FL-2,s.tanaka,PALLET_DROP,C,PL-2093,LN-22179
2026-06-19T15:02:00Z,FL-2,s.tanaka,PALLET_DROP,F,PL-5517,LN-20400
2026-06-19T15:40:00Z,FL-2,,DOCK_UNLOAD_START,B,,TRK-908
2026-06-19T15:48:00Z,FL-2,s.tanaka,PALLET_PICK,D,PL-7599,LN-25923
2026-06-19T15:49:00Z,FL-2,s.tanaka,PALLET_PICK,F,PL-7599,LN-25923
2026-06-19T15:50:00Z,FL-2,s.tanaka,PALLET_PICK,A,PL-3509,LN-20206
2026-06-19T15:50:00Z,FL-2,s.tanaka,PALLET_PICK,E,PL-7599,LN-25923
2026-06-19T15:51:00Z,FL-2,s.tanaka,PALLET_DROP,E,PL-7599,LN-25923
2026-06-19T15:51:00Z,FL-2,s.tanaka,PALLET_DROP,F,PL-7599,LN-25923
2026-06-19T15:52:00Z,FL-2,s.tanaka,PALLET_PICK,A,PL-7599,LN-25923
2026-06-19T15:52:00Z,FL-2,s.tanaka,PALLET_DROP,A,PL-7599,LN-25923
2026-06-19T15:52:00Z,FL-2,s.tanaka,PALLET_PICK,E,PL-2272,LN-21065
2026-06-19T15:53:00Z,FL-2,s.tanaka,PALLET_DROP,F,PL-3509,LN-20206
2026-06-19T15:54:00Z,FL-2,s.tanaka,PALLET_DROP,B,PL-7599,LN-25923
2026-06-19T15:55:00Z,FL-2,s.tanaka,PALLET_DROP,C,PL-2272,LN-21065
2026-06-19T16:02:00Z,FL-2,,DOCK_UNLOAD_END,B,,TRK-908
2026-06-20T06:16:00Z,FL-1,s.larsen,PALLET_PICK,C,PL-5506,LN-22641
2026-06-20T06:16:00Z,FL-1,s.larsen,PALLET_PICK,C,PL-9709,LN-21643
2026-06-20T06:17:00Z,FL-1,s.larsen,PALLET_PICK,A,PL-9122,LN-25325
2026-06-20T06:17:00Z,FL-1,s.larsen,PALLET_DROP,D,PL-5506,LN-22641
2026-06-20T06:18:00Z,FL-1,s.larsen,PALLET_DROP,F,PL-9122,LN-25325
2026-06-20T06:20:00Z,FL-1,s.larsen,PALLET_DROP,E,PL-9709,LN-21643
2026-06-21T12:41:00Z,FL-1,s.larsen,PALLET_PICK,C,PL-9143,LN-25578
2026-06-21T12:41:00Z,FL-1,s.larsen,PALLET_PICK,A,PL-1877,LN-23935
2026-06-21T12:45:00Z,FL-1,s.larsen,PALLET_DROP,B,PL-9143,LN-25578
2026-06-21T12:45:00Z,FL-1,s.larsen,PALLET_DROP,E,PL-1877,LN-23935
2026-06-22T06:22:00Z,FL-1,s.larsen,PALLET_PICK,B,PL-5883,LN-24449
2026-06-22T06:23:00Z,FL-1,s.larsen,PALLET_PICK,E,PL-1877,LN-23935
2026-06-22T06:23:00Z,FL-1,s.larsen,PALLET_PICK,C,PL-4064,LN-25527
2026-06-22T06:24:00Z,FL-1,s.larsen,PALLET_PICK,F,PL-3272,LN-21231
2026-06-22T06:24:00Z,FL-1,s.larsen,PALLET_DROP,F,PL-1877,LN-23935
2026-06-22T06:25:00Z,FL-1,s.larsen,PALLET_DROP,D,PL-5883,LN-24449
2026-06-22T06:26:00Z,FL-1,s.larsen,PALLET_DROP,D,PL-4064,LN-25527
2026-06-22T06:27:00Z,FL-1,s.larsen,PALLET_DROP,A,PL-3272,LN-21231
2026-06-22T07:22:00Z,FL-1,s.larsen,PALLET_PICK,B,PL-4064,LN-25527
2026-06-22T07:22:00Z,FL-1,s.larsen,PALLET_PICK,C,PL-2093,LN-22179
2026-06-22T07:25:00Z,FL-1,s.larsen,PALLET_DROP,B,PL-2093,LN-22179
2026-06-22T07:25:00Z,FL-1,s.larsen,PALLET_DROP,C,PL-4064,LN-25527
2026-06-22T07:56:00Z,FL-1,,DOCK_UNLOAD_START,B,,TRK-491
2026-06-22T08:08:00Z,FL-1,,DOCK_UNLOAD_END,B,,TRK-491
2026-06-22T11:14:00Z,FL-1,s.larsen,PALLET_PICK,E,PL-9709,LN-21643
2026-06-22T11:16:00Z,FL-1,s.larsen,PALLET_PICK,A,PL-9709,LN-21643
2026-06-22T11:16:00Z,FL-1,s.larsen,PALLET_PICK,D,PL-9484,LN-22445
2026-06-22T11:17:00Z,FL-1,s.larsen,PALLET_DROP,B,PL-9709,LN-21643
2026-06-22T11:18:00Z,FL-1,s.larsen,PALLET_DROP,A,PL-9709,LN-21643
2026-06-22T11:20:00Z,FL-1,s.larsen,PALLET_DROP,C,PL-9484,LN-22445
2026-06-22T11:50:00Z,FL-1,s.larsen,PALLET_PICK,C,PL-8691,LN-21437
2026-06-22T11:51:00Z,FL-1,s.larsen,PALLET_PICK,D,PL-5214,LN-22997
2026-06-22T11:53:00Z,FL-1,s.larsen,PALLET_DROP,B,PL-8691,LN-21437
2026-06-22T11:53:00Z,FL-1,s.larsen,PALLET_DROP,E,PL-5214,LN-22997
2026-06-22T12:10:00Z,FL-1,,DOCK_UNLOAD_START,D,,TRK-520
2026-06-22T12:20:00Z,FL-1,,DOCK_UNLOAD_END,D,,TRK-520
2026-06-22T15:42:00Z,FL-1,,DOCK_UNLOAD_START,D,,TRK-457
2026-06-22T15:46:00Z,FL-1,,DOCK_UNLOAD_END,D,,TRK-457
2026-06-22T17:57:00Z,FL-2,s.tanaka,PALLET_PICK,B,PL-9143,LN-25578
2026-06-22T17:57:00Z,FL-2,s.tanaka,PALLET_PICK,E,PL-4218,LN-24714
2026-06-22T17:58:00Z,FL-2,s.tanaka,PALLET_PICK,D,PL-2272,LN-21065
2026-06-22T17:58:00Z,FL-2,s.tanaka,PALLET_PICK,D,PL-5506,LN-22641
2026-06-22T17:59:00Z,FL-2,s.tanaka,PALLET_PICK,C,PL-5506,LN-22641
2026-06-22T17:59:00Z,FL-2,s.tanaka,PALLET_DROP,F,PL-2272,LN-21065
2026-06-22T18:00:00Z,FL-2,s.tanaka,PALLET_DROP,F,PL-9143,LN-25578
2026-06-22T18:00:00Z,FL-2,s.tanaka,PALLET_DROP,D,PL-4218,LN-24714
2026-06-22T18:01:00Z,FL-2,s.tanaka,PALLET_DROP,C,PL-5506,LN-22641
2026-06-22T18:01:00Z,FL-2,s.tanaka,PALLET_DROP,F,PL-5506,LN-22641
2026-06-22T18:43:00Z,FL-2,s.tanaka,PALLET_PICK,D,PL-3602,LN-25438
2026-06-22T18:45:00Z,FL-2,s.tanaka,PALLET_DROP,F,PL-3602,LN-25438
2026-06-22T19:18:00Z,FL-2,s.tanaka,PALLET_PICK,A,PL-3371,LN-28694
2026-06-22T19:18:00Z,FL-2,s.tanaka,PALLET_PICK,E,PL-2272,LN-21065
2026-06-22T19:19:00Z,FL-2,s.tanaka,PALLET_PICK,B,PL-9748,LN-23756
2026-06-22T19:19:00Z,FL-2,s.tanaka,PALLET_PICK,D,PL-4218,LN-24714
2026-06-22T19:19:00Z,FL-2,s.tanaka,PALLET_DROP,C,PL-3371,LN-28694
2026-06-22T19:22:00Z,FL-2,s.tanaka,PALLET_DROP,D,PL-2272,LN-21065
2026-06-22T19:22:00Z,FL-2,s.tanaka,PALLET_DROP,E,PL-9748,LN-23756
2026-06-22T19:22:00Z,FL-2,s.tanaka,PALLET_DROP,E,PL-4218,LN-24714
2026-06-22T21:21:00Z,FL-2,s.tanaka,PALLET_PICK,C,PL-2272,LN-21065
2026-06-22T21:22:00Z,FL-2,s.tanaka,PALLET_PICK,D,PL-2272,LN-21065
2026-06-22T21:23:00Z,FL-2,s.tanaka,PALLET_PICK,D,PL-3006,LN-20705
2026-06-22T21:24:00Z,FL-2,s.tanaka,PALLET_DROP,D,PL-2272,LN-21065
2026-06-22T21:24:00Z,FL-2,s.tanaka,PALLET_PICK,E,PL-3006,LN-20705
2026-06-22T21:24:00Z,FL-2,s.tanaka,PALLET_DROP,E,PL-2272,LN-21065
2026-06-22T21:25:00Z,FL-2,s.tanaka,PALLET_PICK,C,PL-3371,LN-28694
2026-06-22T21:26:00Z,FL-2,s.tanaka,PALLET_DROP,E,PL-3006,LN-20705
2026-06-22T21:26:00Z,FL-2,s.tanaka,PALLET_PICK,B,PL-3371,LN-28694
2026-06-22T21:26:00Z,FL-2,s.tanaka,PALLET_DROP,B,PL-3006,LN-20705
2026-06-22T21:28:00Z,FL-2,s.tanaka,PALLET_DROP,B,PL-3371,LN-28694
2026-06-22T21:29:00Z,FL-2,s.tanaka,PALLET_DROP,A,PL-3371,LN-28694
2026-06-23T09:04:00Z,FL-2,,DOCK_UNLOAD_START,D,,TRK-641
2026-06-23T09:14:00Z,FL-2,,DOCK_UNLOAD_END,D,,TRK-641
2026-06-23T10:38:00Z,FL-1,s.larsen,PALLET_PICK,E,PL-9748,LN-23756
2026-06-23T10:38:00Z,FL-1,s.larsen,PALLET_PICK,D,PL-9173,LN-23197
2026-06-23T10:39:00Z,FL-1,s.larsen,PALLET_PICK,D,PL-2813,LN-25671
2026-06-23T10:40:00Z,FL-1,s.larsen,PALLET_DROP,A,PL-9748,LN-23756
2026-06-23T10:40:00Z,FL-1,s.larsen,PALLET_PICK,A,PL-2813,LN-25671
2026-06-23T10:42:00Z,FL-1,s.larsen,PALLET_DROP,A,PL-2813,LN-25671
2026-06-23T10:42:00Z,FL-1,s.larsen,PALLET_DROP,A,PL-9173,LN-23197
2026-06-23T10:42:00Z,FL-1,s.larsen,PALLET_DROP,B,PL-2813,LN-25671
2026-06-23T12:00:00Z,FL-2,,DOCK_UNLOAD_START,B,,TRK-643
2026-06-23T12:05:00Z,FL-1,s.larsen,PALLET_PICK,A,PL-7599,LN-25923
2026-06-23T12:05:00Z,FL-1,s.larsen,PALLET_PICK,E,PL-8784,LN-28611
2026-06-23T12:06:00Z,FL-1,s.larsen,PALLET_PICK,B,PL-8784,LN-28611
2026-06-23T12:07:00Z,FL-1,s.larsen,PALLET_DROP,B,PL-8784,LN-28611
2026-06-23T12:07:00Z,FL-1,s.larsen,PALLET_PICK,F,PL-4211,LN-26500
2026-06-23T12:07:00Z,FL-1,s.larsen,PALLET_DROP,F,PL-8784,LN-28611
2026-06-23T12:08:00Z,FL-1,s.larsen,PALLET_DROP,E,PL-7599,LN-25923
2026-06-23T12:08:00Z,FL-1,s.larsen,PALLET_PICK,D,PL-4211,LN-26500
2026-06-23T12:09:00Z,FL-1,s.larsen,PALLET_DROP,D,PL-4211,LN-26500
2026-06-23T12:12:00Z,FL-1,s.larsen,PALLET_DROP,C,PL-4211,LN-26500
2026-06-23T12:44:00Z,FL-2,,DOCK_UNLOAD_END,B,,TRK-643
2026-06-23T15:15:00Z,FL-2,s.tanaka,PALLET_PICK,B,PL-5677,LN-22820
2026-06-23T15:16:00Z,FL-2,s.tanaka,PALLET_PICK,D,PL-5677,LN-22820
2026-06-23T15:17:00Z,FL-2,s.tanaka,PALLET_PICK,D,PL-6443,LN-22416
2026-06-23T15:17:00Z,FL-2,s.tanaka,PALLET_PICK,B,PL-2194,LN-22903
2026-06-23T15:17:00Z,FL-2,s.tanaka,PALLET_PICK,B,PL-9886,LN-29228
2026-06-23T15:18:00Z,FL-2,s.tanaka,PALLET_DROP,A,PL-6443,LN-22416
2026-06-23T15:18:00Z,FL-2,s.tanaka,PALLET_DROP,C,PL-2194,LN-22903
2026-06-23T15:18:00Z,FL-2,s.tanaka,PALLET_DROP,D,PL-5677,LN-22820
2026-06-23T15:20:00Z,FL-2,s.tanaka,PALLET_DROP,C,PL-5677,LN-22820
2026-06-23T15:20:00Z,FL-2,s.tanaka,PALLET_DROP,C,PL-9886,LN-29228
2026-06-23T17:39:00Z,FL-2,s.tanaka,PALLET_PICK,B,PL-7599,LN-25923
2026-06-23T17:40:00Z,FL-2,s.tanaka,PALLET_PICK,A,PL-7599,LN-25923
2026-06-23T17:41:00Z,FL-2,s.tanaka,PALLET_PICK,C,PL-9563,LN-22275
2026-06-23T17:41:00Z,FL-2,s.tanaka,PALLET_DROP,A,PL-7599,LN-25923
2026-06-23T17:42:00Z,FL-2,s.tanaka,PALLET_PICK,E,PL-9563,LN-22275
2026-06-23T17:43:00Z,FL-2,s.tanaka,PALLET_PICK,C,PL-7599,LN-25923
2026-06-23T17:43:00Z,FL-2,s.tanaka,PALLET_DROP,C,PL-7599,LN-25923
2026-06-23T17:44:00Z,FL-2,s.tanaka,PALLET_DROP,E,PL-9563,LN-22275
2026-06-23T17:44:00Z,FL-2,s.tanaka,PALLET_DROP,D,PL-9563,LN-22275
2026-06-23T17:45:00Z,FL-2,s.tanaka,PALLET_DROP,A,PL-7599,LN-25923
2026-06-23T17:57:00Z,FL-2,s.tanaka,PALLET_PICK,C,PL-9484,LN-22445
2026-06-23T17:58:00Z,FL-2,s.tanaka,PALLET_PICK,A,PL-3272,LN-21231
2026-06-23T17:58:00Z,FL-2,s.tanaka,PALLET_DROP,F,PL-9484,LN-22445
2026-06-23T17:59:00Z,FL-2,s.tanaka,PALLET_PICK,D,PL-3272,LN-21231
2026-06-23T17:59:00Z,FL-2,s.tanaka,PALLET_PICK,C,PL-4355,LN-28665
2026-06-23T18:00:00Z,FL-2,s.tanaka,PALLET_PICK,F,PL-4355,LN-28665
2026-06-23T18:01:00Z,FL-2,s.tanaka,PALLET_DROP,D,PL-3272,LN-21231
2026-06-23T18:02:00Z,FL-2,s.tanaka,PALLET_DROP,B,PL-3272,LN-21231
2026-06-23T18:02:00Z,FL-2,s.tanaka,PALLET_DROP,F,PL-4355,LN-28665
2026-06-23T18:03:00Z,FL-2,s.tanaka,PALLET_DROP,A,PL-4355,LN-28665
2026-06-23T19:03:00Z,FL-2,s.tanaka,PALLET_PICK,F,PL-5506,LN-22641
2026-06-23T19:03:00Z,FL-2,s.tanaka,PALLET_PICK,D,PL-2837,LN-22862
2026-06-23T19:04:00Z,FL-2,s.tanaka,PALLET_PICK,F,PL-9122,LN-25325
2026-06-23T19:04:00Z,FL-2,s.tanaka,PALLET_PICK,A,PL-4355,LN-28665
2026-06-23T19:05:00Z,FL-2,s.tanaka,PALLET_DROP,C,PL-2837,LN-22862
2026-06-23T19:06:00Z,FL-2,s.tanaka,PALLET_DROP,F,PL-4355,LN-28665
2026-06-23T19:06:00Z,FL-2,s.tanaka,PALLET_DROP,D,PL-9122,LN-25325
2026-06-23T19:06:00Z,FL-2,s.tanaka,PALLET_DROP,D,PL-5506,LN-22641
2026-06-23T19:52:00Z,FL-2,s.tanaka,PALLET_PICK,B,PL-4211,LN-26500
2026-06-23T19:52:00Z,FL-2,s.tanaka,PALLET_PICK,D,PL-6025,LN-21837
2026-06-23T19:53:00Z,FL-2,s.tanaka,PALLET_PICK,D,PL-9563,LN-22275
2026-06-23T19:53:00Z,FL-2,s.tanaka,PALLET_DROP,F,PL-4211,LN-26500
2026-06-23T19:54:00Z,FL-2,s.tanaka,PALLET_DROP,E,PL-9563,LN-22275
2026-06-23T19:54:00Z,FL-2,s.tanaka,PALLET_DROP,A,PL-6025,LN-21837
2026-06-23T20:27:00Z,FL-2,s.tanaka,PALLET_PICK,D,PL-4563,LN-20722
2026-06-23T20:28:00Z,FL-2,s.tanaka,PALLET_PICK,B,PL-3006,LN-20705
2026-06-23T20:29:00Z,FL-2,s.tanaka,PALLET_PICK,F,PL-3006,LN-20705
2026-06-23T20:29:00Z,FL-2,s.tanaka,PALLET_DROP,F,PL-3006,LN-20705
2026-06-23T20:30:00Z,FL-2,s.tanaka,PALLET_DROP,E,PL-4563,LN-20722
2026-06-23T20:31:00Z,FL-2,s.tanaka,PALLET_DROP,A,PL-3006,LN-20705
2026-06-24T08:31:00Z,FL-1,s.larsen,PALLET_PICK,C,PL-4211,LN-26500
2026-06-24T08:32:00Z,FL-1,s.larsen,PALLET_PICK,D,PL-9122,LN-25325
2026-06-24T08:33:00Z,FL-1,s.larsen,PALLET_DROP,C,PL-9122,LN-25325
2026-06-24T08:33:00Z,FL-1,s.larsen,PALLET_PICK,C,PL-9122,LN-25325
2026-06-24T08:34:00Z,FL-1,s.larsen,PALLET_DROP,A,PL-4211,LN-26500
2026-06-24T08:35:00Z,FL-1,s.larsen,PALLET_DROP,A,PL-9122,LN-25325
2026-06-24T08:38:00Z,FL-1,,DOCK_UNLOAD_START,B,,TRK-691
2026-06-24T08:48:00Z,FL-1,s.larsen,PALLET_PICK,A,PL-4211,LN-26500
2026-06-24T08:49:00Z,FL-1,s.larsen,PALLET_PICK,E,PL-6025,LN-21837
2026-06-24T08:49:00Z,FL-1,s.larsen,PALLET_PICK,D,PL-7147,LN-27074
2026-06-24T08:50:00Z,FL-1,,DOCK_UNLOAD_END,B,,TRK-691
2026-06-24T08:50:00Z,FL-1,s.larsen,PALLET_PICK,E,PL-7147,LN-27074
2026-06-24T08:51:00Z,FL-1,s.larsen,PALLET_PICK,E,PL-5214,LN-22997
2026-06-24T08:51:00Z,FL-1,s.larsen,PALLET_DROP,F,PL-4211,LN-26500
2026-06-24T08:51:00Z,FL-1,s.larsen,PALLET_DROP,C,PL-6025,LN-21837
2026-06-24T08:51:00Z,FL-1,s.larsen,PALLET_DROP,E,PL-7147,LN-27074
2026-06-24T08:54:00Z,FL-1,s.larsen,PALLET_DROP,F,PL-7147,LN-27074
2026-06-24T08:54:00Z,FL-1,s.larsen,PALLET_DROP,F,PL-5214,LN-22997
2026-06-24T09:33:00Z,FL-1,s.larsen,PALLET_PICK,A,PL-9122,LN-25325
2026-06-24T09:33:00Z,FL-1,s.larsen,PALLET_PICK,E,PL-9563,LN-22275
2026-06-24T09:34:00Z,FL-1,s.larsen,PALLET_PICK,D,PL-8784,LN-28611
2026-06-24T09:35:00Z,FL-1,s.larsen,PALLET_PICK,F,PL-8784,LN-28611
2026-06-24T09:35:00Z,FL-1,s.larsen,PALLET_PICK,F,PL-5517,LN-20400
2026-06-24T09:35:00Z,FL-1,s.larsen,PALLET_DROP,A,PL-9563,LN-22275
2026-06-24T09:36:00Z,FL-1,s.larsen,PALLET_DROP,B,PL-9122,LN-25325
2026-06-24T09:36:00Z,FL-1,s.larsen,PALLET_PICK,E,PL-5517,LN-20400
2026-06-24T09:37:00Z,FL-1,s.larsen,PALLET_DROP,A,PL-8784,LN-28611
2026-06-24T09:37:00Z,FL-1,s.larsen,PALLET_DROP,A,PL-5517,LN-20400
2026-06-24T09:37:00Z,FL-1,s.larsen,PALLET_DROP,F,PL-8784,LN-28611
2026-06-24T09:38:00Z,FL-1,s.larsen,PALLET_DROP,E,PL-5517,LN-20400
2026-06-24T10:39:00Z,FL-1,s.larsen,PALLET_PICK,E,PL-4563,LN-20722
2026-06-24T10:39:00Z,FL-1,s.larsen,PALLET_PICK,D,PL-5340,LN-24017
2026-06-24T10:40:00Z,FL-1,s.larsen,PALLET_DROP,A,PL-4563,LN-20722
2026-06-24T10:41:00Z,FL-1,s.larsen,PALLET_PICK,C,PL-5340,LN-24017
2026-06-24T10:41:00Z,FL-1,s.larsen,PALLET_PICK,F,PL-1877,LN-23935
2026-06-24T10:42:00Z,FL-1,s.larsen,PALLET_DROP,C,PL-5340,LN-24017
2026-06-24T10:42:00Z,FL-1,s.larsen,PALLET_PICK,C,PL-1877,LN-23935
2026-06-24T10:43:00Z,FL-1,s.larsen,PALLET_DROP,B,PL-5340,LN-24017
2026-06-24T10:44:00Z,FL-1,s.larsen,PALLET_DROP,C,PL-1877,LN-23935
2026-06-24T10:45:00Z,FL-1,s.larsen,PALLET_DROP,E,PL-1877,LN-23935
2026-06-24T11:11:00Z,FL-1,s.larsen,PALLET_PICK,A,PL-6025,LN-21837
2026-06-24T11:12:00Z,FL-1,s.larsen,PALLET_PICK,B,PL-6025,LN-21837
2026-06-24T11:12:00Z,FL-1,s.larsen,PALLET_PICK,F,PL-8784,LN-28611
2026-06-24T11:12:00Z,FL-1,s.larsen,PALLET_DROP,B,PL-6025,LN-21837
2026-06-24T11:13:00Z,FL-1,s.larsen,PALLET_DROP,E,PL-6025,LN-21837
2026-06-24T11:15:00Z,FL-1,s.larsen,PALLET_DROP,C,PL-8784,LN-28611
2026-06-24T11:28:00Z,FL-1,,DOCK_UNLOAD_START,B,,TRK-237
2026-06-24T11:40:00Z,FL-1,,DOCK_UNLOAD_END,B,,TRK-237
2026-06-24T12:20:00Z,FL-1,s.larsen,PALLET_PICK,C,PL-8784,LN-28611
2026-06-24T12:21:00Z,FL-1,s.larsen,PALLET_PICK,E,PL-8784,LN-28611
2026-06-24T12:21:00Z,FL-1,s.larsen,PALLET_PICK,E,PL-7599,LN-25923
2026-06-24T12:21:00Z,FL-1,s.larsen,PALLET_DROP,E,PL-8784,LN-28611
2026-06-24T12:22:00Z,FL-1,s.larsen,PALLET_DROP,D,PL-8784,LN-28611
2026-06-24T12:25:00Z,FL-1,s.larsen,PALLET_DROP,F,PL-7599,LN-25923
2026-06-24T15:32:00Z,FL-1,,DOCK_UNLOAD_START,D,,TRK-660
2026-06-24T15:38:00Z,FL-1,,DOCK_UNLOAD_END,D,,TRK-660
2026-06-24T17:22:00Z,FL-2,s.tanaka,PALLET_PICK,E,PL-1877,LN-23935
2026-06-24T17:23:00Z,FL-2,s.tanaka,PALLET_PICK,D,PL-1877,LN-23935
2026-06-24T17:23:00Z,FL-2,s.tanaka,PALLET_PICK,D,PL-8292,LN-24487
2026-06-24T17:25:00Z,FL-2,s.tanaka,PALLET_DROP,D,PL-1877,LN-23935
2026-06-24T17:25:00Z,FL-2,s.tanaka,PALLET_PICK,A,PL-8292,LN-24487
2026-06-24T17:25:00Z,FL-2,s.tanaka,PALLET_DROP,F,PL-1877,LN-23935
2026-06-24T17:25:00Z,FL-2,s.tanaka,PALLET_PICK,B,PL-1607,LN-24334
2026-06-24T17:26:00Z,FL-2,s.tanaka,PALLET_DROP,A,PL-8292,LN-24487
2026-06-24T17:27:00Z,FL-2,s.tanaka,PALLET_PICK,E,PL-8292,LN-24487
2026-06-24T17:27:00Z,FL-2,s.tanaka,PALLET_PICK,C,PL-5677,LN-22820
2026-06-24T17:27:00Z,FL-2,s.tanaka,PALLET_DROP,C,PL-1607,LN-24334
2026-06-24T17:28:00Z,FL-2,s.tanaka,PALLET_DROP,E,PL-8292,LN-24487
2026-06-24T17:31:00Z,FL-2,s.tanaka,PALLET_DROP,C,PL-8292,LN-24487
2026-06-24T17:31:00Z,FL-2,s.tanaka,PALLET_DROP,A,PL-5677,LN-22820
2026-06-25T08:32:00Z,FL-1,s.larsen,PALLET_PICK,C,PL-1607,LN-24334
2026-06-25T08:33:00Z,FL-1,s.larsen,PALLET_PICK,F,PL-5214,LN-22997
2026-06-25T08:33:00Z,FL-1,s.larsen,PALLET_PICK,F,PL-9143,LN-25578
2026-06-25T08:33:00Z,FL-1,s.larsen,PALLET_PICK,A,PL-4563,LN-20722
2026-06-25T08:33:00Z,FL-1,s.larsen,PALLET_DROP,E,PL-1607,LN-24334
2026-06-25T08:34:00Z,FL-1,s.larsen,PALLET_DROP,D,PL-9143,LN-25578
2026-06-25T08:34:00Z,FL-1,s.larsen,PALLET_DROP,D,PL-5214,LN-22997
2026-06-25T08:37:00Z,FL-1,s.larsen,PALLET_DROP,E,PL-4563,LN-20722
2026-06-25T08:47:00Z,FL-1,s.larsen,PALLET_PICK,D,PL-4218,LN-24714
2026-06-25T08:47:00Z,FL-1,s.larsen,PALLET_PICK,E,PL-4563,LN-20722
2026-06-25T08:49:00Z,FL-1,s.larsen,PALLET_DROP,F,PL-4563,LN-20722
2026-06-25T08:49:00Z,FL-1,s.larsen,PALLET_PICK,F,PL-4563,LN-20722
2026-06-25T08:49:00Z,FL-1,s.larsen,PALLET_PICK,D,PL-5883,LN-24449
2026-06-25T08:49:00Z,FL-1,s.larsen,PALLET_PICK,B,PL-3272,LN-21231
2026-06-25T08:50:00Z,FL-1,s.larsen,PALLET_DROP,A,PL-4218,LN-24714
2026-06-25T08:51:00Z,FL-1,s.larsen,PALLET_DROP,C,PL-4563,LN-20722
2026-06-25T08:51:00Z,FL-1,s.larsen,PALLET_DROP,E,PL-3272,LN-21231
2026-06-25T08:51:00Z,FL-1,s.larsen,PALLET_DROP,B,PL-5883,LN-24449
2026-06-25T09:10:00Z,FL-1,s.larsen,PALLET_PICK,E,PL-3272,LN-21231
2026-06-25T09:11:00Z,FL-1,s.larsen,PALLET_PICK,A,PL-3272,LN-21231
2026-06-25T09:12:00Z,FL-1,s.larsen,PALLET_PICK,A,PL-3006,LN-20705
2026-06-25T09:13:00Z,FL-1,s.larsen,PALLET_DROP,F,PL-3006,LN-20705
2026-06-25T09:13:00Z,FL-1,s.larsen,PALLET_DROP,A,PL-3272,LN-21231
2026-06-25T09:14:00Z,FL-1,s.larsen,PALLET_DROP,B,PL-3272,LN-21231
2026-06-25T12:08:00Z,FL-2,,DOCK_UNLOAD_START,D,,TRK-496
2026-06-25T12:10:00Z,FL-2,,DOCK_UNLOAD_END,D,,TRK-496
2026-06-25T13:04:00Z,FL-2,,DOCK_UNLOAD_START,D,,TRK-386
2026-06-25T13:46:00Z,FL-2,,DOCK_UNLOAD_END,D,,TRK-386
2026-06-25T14:25:00Z,FL-2,s.tanaka,PALLET_PICK,C,PL-8292,LN-24487
2026-06-25T14:26:00Z,FL-2,s.tanaka,PALLET_PICK,C,PL-9886,LN-29228
2026-06-25T14:26:00Z,FL-2,s.tanaka,PALLET_PICK,B,PL-4484,LN-23230
2026-06-25T14:26:00Z,FL-2,s.tanaka,PALLET_PICK,B,PL-8292,LN-24487
2026-06-25T14:27:00Z,FL-2,s.tanaka,PALLET_PICK,F,PL-3509,LN-20206
2026-06-25T14:27:00Z,FL-2,s.tanaka,PALLET_PICK,C,PL-2194,LN-22903
2026-06-25T14:27:00Z,FL-2,s.tanaka,PALLET_PICK,A,PL-9563,LN-22275
2026-06-25T14:28:00Z,FL-2,s.tanaka,PALLET_DROP,C,PL-3509,LN-20206
2026-06-25T14:28:00Z,FL-2,s.tanaka,PALLET_DROP,D,PL-4484,LN-23230
2026-06-25T14:28:00Z,FL-2,s.tanaka,PALLET_DROP,B,PL-8292,LN-24487
2026-06-25T14:29:00Z,FL-2,s.tanaka,PALLET_PICK,E,PL-9563,LN-22275
2026-06-25T14:29:00Z,FL-2,s.tanaka,PALLET_DROP,A,PL-2194,LN-22903
2026-06-25T14:29:00Z,FL-2,s.tanaka,PALLET_DROP,E,PL-8292,LN-24487
2026-06-25T14:30:00Z,FL-2,,DOCK_UNLOAD_START,D,,TRK-416
2026-06-25T14:30:00Z,FL-2,s.tanaka,PALLET_DROP,F,PL-9886,LN-29228
2026-06-25T14:30:00Z,FL-2,s.tanaka,PALLET_DROP,E,PL-9563,LN-22275
2026-06-25T14:32:00Z,FL-2,s.tanaka,PALLET_DROP,B,PL-9563,LN-22275
2026-06-25T14:42:00Z,FL-2,,DOCK_UNLOAD_END,D,,TRK-416
2026-06-25T15:16:00Z,FL-2,,DOCK_UNLOAD_START,D,,TRK-164
2026-06-25T15:26:00Z,FL-2,,DOCK_UNLOAD_END,D,,TRK-164
2026-06-25T17:28:00Z,FL-2,s.tanaka,PALLET_PICK,C,PL-2837,LN-22862
2026-06-25T17:29:00Z,FL-2,s.tanaka,PALLET_PICK,D,PL-2837,LN-22862
2026-06-25T17:30:00Z,FL-2,s.tanaka,PALLET_PICK,C,PL-9738,LN-22116
2026-06-25T17:31:00Z,FL-2,s.tanaka,PALLET_DROP,D,PL-2837,LN-22862
2026-06-25T17:32:00Z,FL-2,s.tanaka,PALLET_DROP,E,PL-2837,LN-22862
2026-06-25T17:33:00Z,FL-2,s.tanaka,PALLET_DROP,A,PL-9738,LN-22116
2026-06-25T18:16:00Z,FL-2,s.tanaka,PALLET_PICK,E,PL-2837,LN-22862
2026-06-25T18:17:00Z,FL-2,s.tanaka,PALLET_PICK,B,PL-2837,LN-22862
2026-06-25T18:17:00Z,FL-2,s.tanaka,PALLET_PICK,E,PL-8292,LN-24487
2026-06-25T18:18:00Z,FL-2,s.tanaka,PALLET_DROP,B,PL-2837,LN-22862
2026-06-25T18:19:00Z,FL-2,s.tanaka,PALLET_PICK,F,PL-8292,LN-24487
2026-06-25T18:19:00Z,FL-2,s.tanaka,PALLET_DROP,F,PL-8292,LN-24487
2026-06-25T18:20:00Z,FL-2,s.tanaka,PALLET_DROP,C,PL-2837,LN-22862
2026-06-25T18:21:00Z,FL-2,s.tanaka,PALLET_DROP,D,PL-8292,LN-24487
2026-06-26T06:52:00Z,FL-1,s.larsen,PALLET_PICK,F,PL-3006,LN-20705
2026-06-26T06:52:00Z,FL-1,s.larsen,PALLET_PICK,D,PL-1607,LN-24334
2026-06-26T06:53:00Z,FL-1,s.larsen,PALLET_PICK,E,PL-1607,LN-24334
2026-06-26T06:55:00Z,FL-1,s.larsen,PALLET_DROP,E,PL-1607,LN-24334
2026-06-26T06:56:00Z,FL-1,s.larsen,PALLET_DROP,A,PL-1607,LN-24334
2026-06-26T06:56:00Z,FL-1,s.larsen,PALLET_DROP,A,PL-3006,LN-20705
2026-06-26T07:41:00Z,FL-1,s.larsen,PALLET_PICK,B,PL-3496,LN-20373
2026-06-26T07:42:00Z,FL-1,s.larsen,PALLET_PICK,A,PL-3496,LN-20373
2026-06-26T07:42:00Z,FL-1,s.larsen,PALLET_PICK,D,PL-2342,LN-28412
2026-06-26T07:43:00Z,FL-1,s.larsen,PALLET_PICK,C,PL-7513,LN-21956
2026-06-26T07:43:00Z,FL-1,s.larsen,PALLET_DROP,A,PL-3496,LN-20373
2026-06-26T07:44:00Z,FL-1,s.larsen,PALLET_DROP,A,PL-7513,LN-21956
2026-06-26T07:44:00Z,FL-1,s.larsen,PALLET_DROP,B,PL-2342,LN-28412
2026-06-26T07:44:00Z,FL-1,s.larsen,PALLET_PICK,A,PL-7513,LN-21956
2026-06-26T07:45:00Z,FL-1,s.larsen,PALLET_DROP,C,PL-3496,LN-20373
2026-06-26T07:48:00Z,FL-1,s.larsen,PALLET_DROP,F,PL-7513,LN-21956
2026-06-26T08:14:00Z,FL-1,,DOCK_UNLOAD_START,D,,TRK-977
2026-06-26T08:22:00Z,FL-1,,DOCK_UNLOAD_END,D,,TRK-977
2026-06-26T08:26:00Z,FL-1,s.larsen,PALLET_PICK,A,PL-9748,LN-23756
2026-06-26T08:26:00Z,FL-1,s.larsen,PALLET_PICK,E,PL-3602,LN-25438
2026-06-26T08:27:00Z,FL-1,s.larsen,PALLET_PICK,B,PL-3602,LN-25438
2026-06-26T08:28:00Z,FL-1,s.larsen,PALLET_PICK,C,PL-3496,LN-20373
2026-06-26T08:28:00Z,FL-1,s.larsen,PALLET_DROP,B,PL-3602,LN-25438
2026-06-26T08:28:00Z,FL-1,s.larsen,PALLET_DROP,F,PL-3602,LN-25438
2026-06-26T08:29:00Z,FL-1,s.larsen,PALLET_DROP,F,PL-9748,LN-23756
2026-06-26T08:29:00Z,FL-1,s.larsen,PALLET_PICK,D,PL-3496,LN-20373
2026-06-26T08:29:00Z,FL-1,s.larsen,PALLET_PICK,B,PL-9101,LN-25711
2026-06-26T08:30:00Z,FL-1,s.larsen,PALLET_DROP,D,PL-3496,LN-20373
2026-06-26T08:31:00Z,FL-1,s.larsen,PALLET_DROP,A,PL-9101,LN-25711
2026-06-26T08:32:00Z,FL-1,s.larsen,PALLET_DROP,F,PL-3496,LN-20373
2026-06-26T12:48:00Z,FL-1,s.larsen,PALLET_PICK,C,PL-6025,LN-21837
2026-06-26T12:48:00Z,FL-1,s.larsen,PALLET_PICK,D,PL-8557,LN-23525
2026-06-26T12:49:00Z,FL-1,s.larsen,PALLET_PICK,D,PL-4484,LN-23230
2026-06-26T12:50:00Z,FL-1,s.larsen,PALLET_DROP,F,PL-6025,LN-21837
2026-06-26T12:50:00Z,FL-1,s.larsen,PALLET_PICK,C,PL-4484,LN-23230
2026-06-26T12:50:00Z,FL-1,s.larsen,PALLET_PICK,D,PL-8292,LN-24487
2026-06-26T12:50:00Z,FL-1,s.larsen,PALLET_DROP,C,PL-4484,LN-23230
2026-06-26T12:51:00Z,FL-1,s.larsen,PALLET_DROP,F,PL-8292,LN-24487
2026-06-26T12:52:00Z,FL-1,s.larsen,PALLET_DROP,A,PL-8557,LN-23525
2026-06-26T12:54:00Z,FL-1,s.larsen,PALLET_DROP,A,PL-4484,LN-23230
2026-06-26T13:46:00Z,FL-1,,DOCK_UNLOAD_START,D,,TRK-426
2026-06-26T14:24:00Z,FL-1,,DOCK_UNLOAD_START,B,,TRK-238
2026-06-26T14:30:00Z,FL-1,,DOCK_UNLOAD_END,D,,TRK-426
2026-06-26T14:32:00Z,FL-1,,DOCK_UNLOAD_END,B,,TRK-238
2026-06-26T14:55:00Z,FL-2,s.tanaka,PALLET_PICK,D,PL-3920,LN-28015
2026-06-26T14:55:00Z,FL-2,s.tanaka,PALLET_PICK,E,PL-1607,LN-24334
2026-06-26T14:56:00Z,FL-2,s.tanaka,PALLET_PICK,B,PL-2432,LN-29308
2026-06-26T14:57:00Z,FL-2,s.tanaka,PALLET_PICK,F,PL-2432,LN-29308
2026-06-26T14:57:00Z,FL-2,s.tanaka,PALLET_PICK,D,PL-5506,LN-22641
2026-06-26T14:57:00Z,FL-2,s.tanaka,PALLET_DROP,F,PL-1607,LN-24334
2026-06-26T14:58:00Z,FL-2,s.tanaka,PALLET_DROP,F,PL-2432,LN-29308
2026-06-26T14:58:00Z,FL-2,s.tanaka,PALLET_DROP,B,PL-3920,LN-28015
2026-06-26T14:58:00Z,FL-2,s.tanaka,PALLET_PICK,A,PL-5506,LN-22641
2026-06-26T14:58:00Z,FL-2,s.tanaka,PALLET_DROP,A,PL-5506,LN-22641
2026-06-26T14:59:00Z,FL-2,s.tanaka,PALLET_DROP,C,PL-2432,LN-29308
2026-06-26T15:02:00Z,FL-2,s.tanaka,PALLET_DROP,B,PL-5506,LN-22641
2026-06-26T15:12:00Z,FL-1,,DOCK_UNLOAD_START,D,,TRK-258
2026-06-26T15:24:00Z,FL-1,,DOCK_UNLOAD_END,D,,TRK-258
2026-06-26T15:39:00Z,FL-2,s.tanaka,PALLET_PICK,B,PL-3920,LN-28015
2026-06-26T15:39:00Z,FL-2,s.tanaka,PALLET_PICK,E,PL-3920,LN-28015
2026-06-26T15:40:00Z,FL-2,s.tanaka,PALLET_PICK,D,PL-3920,LN-28015
2026-06-26T15:40:00Z,FL-2,s.tanaka,PALLET_DROP,E,PL-3920,LN-28015
2026-06-26T15:42:00Z,FL-2,s.tanaka,PALLET_DROP,A,PL-3920,LN-28015
2026-06-26T15:43:00Z,FL-2,s.tanaka,PALLET_DROP,D,PL-3920,LN-28015
2026-06-26T17:07:00Z,FL-2,s.tanaka,PALLET_PICK,F,PL-1607,LN-24334
2026-06-26T17:07:00Z,FL-2,s.tanaka,PALLET_PICK,B,PL-2342,LN-28412
2026-06-26T17:08:00Z,FL-2,s.tanaka,PALLET_DROP,D,PL-1607,LN-24334
2026-06-26T17:09:00Z,FL-2,s.tanaka,PALLET_PICK,E,PL-2342,LN-28412
2026-06-26T17:10:00Z,FL-2,s.tanaka,PALLET_DROP,E,PL-2342,LN-28412
2026-06-26T17:12:00Z,FL-2,s.tanaka,PALLET_DROP,D,PL-2342,LN-28412
2026-06-26T18:13:00Z,FL-2,s.tanaka,PALLET_PICK,F,PL-3602,LN-25438
2026-06-26T18:14:00Z,FL-2,s.tanaka,PALLET_PICK,D,PL-9143,LN-25578
2026-06-26T18:14:00Z,FL-2,s.tanaka,PALLET_DROP,E,PL-3602,LN-25438
2026-06-26T18:15:00Z,FL-2,s.tanaka,PALLET_DROP,E,PL-9143,LN-25578
2026-06-26T18:15:00Z,FL-2,s.tanaka,PALLET_PICK,E,PL-9143,LN-25578
2026-06-26T18:16:00Z,FL-2,s.tanaka,PALLET_PICK,F,PL-7147,LN-27074
2026-06-26T18:16:00Z,FL-2,s.tanaka,PALLET_DROP,A,PL-9143,LN-25578
2026-06-26T18:17:00Z,FL-2,s.tanaka,PALLET_PICK,C,PL-7147,LN-27074
2026-06-26T18:18:00Z,FL-2,s.tanaka,PALLET_DROP,B,PL-7147,LN-27074
2026-06-26T18:19:00Z,FL-2,s.tanaka,PALLET_DROP,C,PL-7147,LN-27074
2026-06-27T17:36:00Z,FL-2,s.tanaka,PALLET_PICK,D,PL-4064,LN-25527
2026-06-27T17:37:00Z,FL-2,s.tanaka,PALLET_PICK,A,PL-4064,LN-25527
2026-06-27T17:38:00Z,FL-2,s.tanaka,PALLET_PICK,F,PL-6025,LN-21837
2026-06-27T17:38:00Z,FL-2,s.tanaka,PALLET_PICK,F,PL-9748,LN-23756
2026-06-27T17:38:00Z,FL-2,s.tanaka,PALLET_PICK,B,PL-5883,LN-24449
2026-06-27T17:39:00Z,FL-2,s.tanaka,PALLET_DROP,A,PL-4064,LN-25527
2026-06-27T17:39:00Z,FL-2,s.tanaka,PALLET_DROP,E,PL-9748,LN-23756
2026-06-27T17:40:00Z,FL-2,s.tanaka,PALLET_PICK,E,PL-5883,LN-24449
2026-06-27T17:41:00Z,FL-2,s.tanaka,PALLET_DROP,E,PL-5883,LN-24449
2026-06-27T17:41:00Z,FL-2,s.tanaka,PALLET_DROP,B,PL-4064,LN-25527
2026-06-27T17:41:00Z,FL-2,s.tanaka,PALLET_DROP,E,PL-6025,LN-21837
2026-06-27T17:43:00Z,FL-2,s.tanaka,PALLET_DROP,C,PL-5883,LN-24449
2026-06-27T20:02:00Z,FL-2,s.tanaka,PALLET_PICK,A,PL-3920,LN-28015
2026-06-27T20:02:00Z,FL-2,s.tanaka,PALLET_PICK,C,PL-4563,LN-20722
2026-06-27T20:05:00Z,FL-2,s.tanaka,PALLET_DROP,B,PL-3920,LN-28015
2026-06-27T20:05:00Z,FL-2,s.tanaka,PALLET_DROP,D,PL-4563,LN-20722
2026-06-27T21:18:00Z,FL-2,s.tanaka,PALLET_PICK,C,PL-3371,LN-28694
2026-06-27T21:19:00Z,FL-2,s.tanaka,PALLET_PICK,A,PL-8557,LN-23525
2026-06-27T21:19:00Z,FL-2,s.tanaka,PALLET_PICK,B,PL-8691,LN-21437
2026-06-27T21:19:00Z,FL-2,s.tanaka,PALLET_PICK,D,PL-4563,LN-20722
2026-06-27T21:20:00Z,FL-2,s.tanaka,PALLET_DROP,C,PL-4563,LN-20722
2026-06-27T21:21:00Z,FL-2,s.tanaka,PALLET_DROP,A,PL-8691,LN-21437
2026-06-27T21:21:00Z,FL-2,s.tanaka,PALLET_DROP,C,PL-8557,LN-23525
2026-06-27T21:21:00Z,FL-2,s.tanaka,PALLET_DROP,B,PL-3371,LN-28694
2026-06-28T09:42:00Z,FL-1,,DOCK_UNLOAD_START,B,,TRK-662
2026-06-28T10:24:00Z,FL-1,,DOCK_UNLOAD_END,B,,TRK-662
2026-06-28T20:26:00Z,FL-2,s.tanaka,PALLET_PICK,B,PL-9709,LN-21643
2026-06-28T20:27:00Z,FL-2,s.tanaka,PALLET_PICK,C,PL-9709,LN-21643
2026-06-28T20:28:00Z,FL-2,s.tanaka,PALLET_PICK,B,PL-5340,LN-24017
2026-06-28T20:28:00Z,FL-2,s.tanaka,PALLET_PICK,D,PL-5214,LN-22997
2026-06-28T20:29:00Z,FL-2,s.tanaka,PALLET_DROP,F,PL-5340,LN-24017
2026-06-28T20:29:00Z,FL-2,s.tanaka,PALLET_DROP,F,PL-5214,LN-22997
2026-06-28T20:29:00Z,FL-2,s.tanaka,PALLET_PICK,F,PL-5214,LN-22997
2026-06-28T20:30:00Z,FL-2,s.tanaka,PALLET_DROP,C,PL-9709,LN-21643
2026-06-28T20:30:00Z,FL-2,s.tanaka,PALLET_DROP,F,PL-9709,LN-21643
2026-06-28T20:32:00Z,FL-2,s.tanaka,PALLET_DROP,B,PL-5214,LN-22997
2026-06-29T07:12:00Z,FL-1,s.larsen,PALLET_PICK,F,PL-9484,LN-22445
2026-06-29T07:12:00Z,FL-1,s.larsen,PALLET_PICK,A,PL-8691,LN-21437
2026-06-29T07:13:00Z,FL-1,s.larsen,PALLET_DROP,A,PL-9484,LN-22445
2026-06-29T07:13:00Z,FL-1,s.larsen,PALLET_DROP,E,PL-8691,LN-21437
2026-06-29T07:14:00Z,FL-1,s.larsen,PALLET_PICK,E,PL-8691,LN-21437
2026-06-29T07:15:00Z,FL-1,s.larsen,PALLET_DROP,F,PL-8691,LN-21437
2026-06-29T08:11:00Z,FL-1,s.larsen,PALLET_PICK,C,PL-8557,LN-23525
2026-06-29T08:12:00Z,FL-1,s.larsen,PALLET_DROP,E,PL-8557,LN-23525
2026-06-29T08:13:00Z,FL-1,s.larsen,PALLET_PICK,E,PL-8557,LN-23525
2026-06-29T08:13:00Z,FL-1,s.larsen,PALLET_PICK,E,PL-6025,LN-21837
2026-06-29T08:14:00Z,FL-1,s.larsen,PALLET_DROP,D,PL-6025,LN-21837
2026-06-29T08:15:00Z,FL-1,s.larsen,PALLET_PICK,D,PL-6025,LN-21837
2026-06-29T08:15:00Z,FL-1,s.larsen,PALLET_PICK,A,PL-4218,LN-24714
2026-06-29T08:16:00Z,FL-1,s.larsen,PALLET_DROP,D,PL-8557,LN-23525
2026-06-29T08:17:00Z,FL-1,s.larsen,PALLET_DROP,F,PL-6025,LN-21837
2026-06-29T08:18:00Z,FL-1,s.larsen,PALLET_DROP,D,PL-4218,LN-24714
2026-06-29T08:49:00Z,FL-1,s.larsen,PALLET_PICK,D,PL-8557,LN-23525
2026-06-29T08:49:00Z,FL-1,s.larsen,PALLET_PICK,F,PL-3602,LN-25438
2026-06-29T08:50:00Z,FL-1,s.larsen,PALLET_PICK,A,PL-2194,LN-22903
2026-06-29T08:50:00Z,FL-1,s.larsen,PALLET_PICK,B,PL-9461,LN-25891
2026-06-29T08:52:00Z,FL-1,s.larsen,PALLET_DROP,C,PL-3602,LN-25438
2026-06-29T08:52:00Z,FL-1,s.larsen,PALLET_DROP,A,PL-9461,LN-25891
2026-06-29T08:53:00Z,FL-1,s.larsen,PALLET_DROP,F,PL-8557,LN-23525
2026-06-29T08:53:00Z,FL-1,s.larsen,PALLET_DROP,C,PL-2194,LN-22903
2026-06-29T09:16:00Z,FL-2,,DOCK_UNLOAD_START,B,,TRK-618
2026-06-29T09:20:00Z,FL-2,,DOCK_UNLOAD_END,B,,TRK-618
2026-06-29T11:10:00Z,FL-2,,DOCK_UNLOAD_START,B,,TRK-404
2026-06-29T11:54:00Z,FL-2,,DOCK_UNLOAD_END,B,,TRK-404
2026-06-29T12:14:00Z,FL-2,,DOCK_UNLOAD_START,B,,TRK-835
2026-06-29T12:26:00Z,FL-2,,DOCK_UNLOAD_END,B,,TRK-835
2026-06-29T12:36:00Z,FL-2,,DOCK_UNLOAD_START,B,,TRK-756
2026-06-29T12:42:00Z,FL-1,s.larsen,PALLET_PICK,F,PL-8691,LN-21437
2026-06-29T12:45:00Z,FL-1,s.larsen,PALLET_DROP,B,PL-8691,LN-21437
2026-06-29T12:48:00Z,FL-2,,DOCK_UNLOAD_END,B,,TRK-756
2026-06-29T15:48:00Z,FL-2,,DOCK_UNLOAD_START,D,,TRK-676
2026-06-29T16:02:00Z,FL-2,,DOCK_UNLOAD_END,D,,TRK-676
2026-06-29T18:58:00Z,FL-2,s.tanaka,PALLET_PICK,B,PL-7147,LN-27074
2026-06-29T18:58:00Z,FL-2,s.tanaka,PALLET_PICK,E,PL-9748,LN-23756
2026-06-29T18:58:00Z,FL-2,s.tanaka,PALLET_PICK,B,PL-9563,LN-22275
2026-06-29T18:58:00Z,FL-2,s.tanaka,PALLET_PICK,C,PL-2432,LN-29308
2026-06-29T19:00:00Z,FL-2,s.tanaka,PALLET_DROP,A,PL-9748,LN-23756
2026-06-29T19:00:00Z,FL-2,s.tanaka,PALLET_DROP,F,PL-7147,LN-27074
2026-06-29T19:01:00Z,FL-2,s.tanaka,PALLET_DROP,D,PL-2432,LN-29308
2026-06-29T19:01:00Z,FL-2,s.tanaka,PALLET_DROP,D,PL-9563,LN-22275
2026-06-30T08:10:00Z,FL-1,,DOCK_UNLOAD_START,D,,TRK-121
2026-06-30T08:26:00Z,FL-1,,DOCK_UNLOAD_END,D,,TRK-121
2026-06-30T08:42:00Z,FL-1,s.larsen,PALLET_PICK,F,PL-2272,LN-21065
2026-06-30T08:43:00Z,FL-1,s.larsen,PALLET_PICK,E,PL-2272,LN-21065
2026-06-30T08:43:00Z,FL-1,s.larsen,PALLET_PICK,D,PL-1877,LN-23935
2026-06-30T08:43:00Z,FL-1,s.larsen,PALLET_PICK,D,PL-2432,LN-29308
2026-06-30T08:44:00Z,FL-1,s.larsen,PALLET_DROP,E,PL-2272,LN-21065
2026-06-30T08:44:00Z,FL-1,s.larsen,PALLET_DROP,A,PL-2272,LN-21065
2026-06-30T08:45:00Z,FL-1,s.larsen,PALLET_PICK,F,PL-2432,LN-29308
2026-06-30T08:46:00Z,FL-1,s.larsen,PALLET_DROP,F,PL-2432,LN-29308
2026-06-30T08:46:00Z,FL-1,s.larsen,PALLET_DROP,E,PL-1877,LN-23935
2026-06-30T08:46:00Z,FL-1,s.larsen,PALLET_DROP,C,PL-2432,LN-29308
2026-06-30T09:50:00Z,FL-1,s.larsen,PALLET_PICK,D,PL-9563,LN-22275
2026-06-30T09:50:00Z,FL-1,s.larsen,PALLET_PICK,A,PL-9173,LN-23197
2026-06-30T09:52:00Z,FL-1,s.larsen,PALLET_DROP,E,PL-9563,LN-22275
2026-06-30T09:53:00Z,FL-1,s.larsen,PALLET_DROP,E,PL-9173,LN-23197
2026-06-30T10:11:00Z,FL-1,s.larsen,PALLET_PICK,C,PL-3509,LN-20206
2026-06-30T10:11:00Z,FL-1,s.larsen,PALLET_PICK,F,PL-4211,LN-26500
2026-06-30T10:12:00Z,FL-1,s.larsen,PALLET_PICK,F,PL-9709,LN-21643
2026-06-30T10:12:00Z,FL-1,s.larsen,PALLET_PICK,C,PL-9709,LN-21643
2026-06-30T10:13:00Z,FL-1,s.larsen,PALLET_PICK,F,PL-9709,LN-21643
2026-06-30T10:13:00Z,FL-1,s.larsen,PALLET_DROP,F,PL-9709,LN-21643
2026-06-30T10:13:00Z,FL-1,s.larsen,PALLET_DROP,C,PL-4211,LN-26500
2026-06-30T10:15:00Z,FL-1,s.larsen,PALLET_DROP,B,PL-3509,LN-20206
2026-06-30T10:15:00Z,FL-1,s.larsen,PALLET_DROP,C,PL-9709,LN-21643
2026-06-30T10:15:00Z,FL-1,s.larsen,PALLET_DROP,E,PL-9709,LN-21643
2026-06-30T11:38:00Z,FL-1,,DOCK_UNLOAD_START,D,,TRK-472
2026-06-30T11:54:00Z,FL-1,,DOCK_UNLOAD_END,D,,TRK-472
2026-06-30T12:07:00Z,FL-1,s.larsen,PALLET_PICK,E,PL-9173,LN-23197
2026-06-30T12:08:00Z,FL-1,s.larsen,PALLET_PICK,E,PL-9563,LN-22275
2026-06-30T12:09:00Z,FL-1,s.larsen,PALLET_DROP,B,PL-9563,LN-22275
2026-06-30T12:10:00Z,FL-1,s.larsen,PALLET_DROP,C,PL-9173,LN-23197
2026-06-30T14:32:00Z,FL-1,,DOCK_UNLOAD_START,B,,TRK-303
2026-06-30T14:38:00Z,FL-1,,DOCK_UNLOAD_END,B,,TRK-303
2026-06-30T18:06:00Z,FL-2,s.tanaka,PALLET_PICK,F,PL-9886,LN-29228
2026-06-30T18:07:00Z,FL-2,s.tanaka,PALLET_PICK,C,PL-2194,LN-22903
2026-06-30T18:07:00Z,FL-2,s.tanaka,PALLET_DROP,E,PL-9886,LN-29228
2026-06-30T18:09:00Z,FL-2,s.tanaka,PALLET_DROP,F,PL-2194,LN-22903
2026-06-30T19:27:00Z,FL-2,s.tanaka,PALLET_PICK,F,PL-5901,LN-27822
2026-06-30T19:28:00Z,FL-2,s.tanaka,PALLET_PICK,F,PL-1877,LN-23935
2026-06-30T19:29:00Z,FL-2,s.tanaka,PALLET_PICK,C,PL-1877,LN-23935
2026-06-30T19:30:00Z,FL-2,s.tanaka,PALLET_DROP,C,PL-1877,LN-23935
2026-06-30T19:31:00Z,FL-2,s.tanaka,PALLET_DROP,D,PL-1877,LN-23935
2026-06-30T19:31:00Z,FL-2,s.tanaka,PALLET_DROP,A,PL-5901,LN-27822
2026-06-30T20:08:00Z,FL-2,s.tanaka,PALLET_PICK,D,PL-4218,LN-24714
2026-06-30T20:08:00Z,FL-2,s.tanaka,PALLET_PICK,E,PL-1877,LN-23935
2026-06-30T20:10:00Z,FL-2,s.tanaka,PALLET_PICK,F,PL-1877,LN-23935
2026-06-30T20:11:00Z,FL-2,s.tanaka,PALLET_PICK,E,PL-9886,LN-29228
2026-06-30T20:11:00Z,FL-2,s.tanaka,PALLET_DROP,F,PL-1877,LN-23935
2026-06-30T20:11:00Z,FL-2,s.tanaka,PALLET_DROP,A,PL-4218,LN-24714
2026-06-30T20:12:00Z,FL-2,s.tanaka,PALLET_PICK,C,PL-9886,LN-29228
2026-06-30T20:12:00Z,FL-2,s.tanaka,PALLET_PICK,E,PL-9709,LN-21643
2026-06-30T20:13:00Z,FL-2,s.tanaka,PALLET_DROP,C,PL-1877,LN-23935
2026-06-30T20:13:00Z,FL-2,s.tanaka,PALLET_PICK,C,PL-9709,LN-21643
2026-06-30T20:14:00Z,FL-2,s.tanaka,PALLET_DROP,C,PL-9886,LN-29228
2026-06-30T20:14:00Z,FL-2,s.tanaka,PALLET_DROP,B,PL-9709,LN-21643
2026-06-30T20:15:00Z,FL-2,s.tanaka,PALLET_DROP,F,PL-9886,LN-29228
2026-06-30T20:15:00Z,FL-2,s.tanaka,PALLET_DROP,C,PL-9709,LN-21643
2026-07-01T09:09:00Z,FL-1,s.larsen,PALLET_PICK,C,PL-4563,LN-20722
2026-07-01T09:10:00Z,FL-1,s.larsen,PALLET_DROP,D,PL-4563,LN-20722
2026-07-01T09:10:00Z,FL-1,s.larsen,PALLET_PICK,D,PL-4563,LN-20722
2026-07-01T09:11:00Z,FL-1,s.larsen,PALLET_PICK,C,PL-2432,LN-29308
2026-07-01T09:13:00Z,FL-1,s.larsen,PALLET_DROP,A,PL-4563,LN-20722
2026-07-01T09:14:00Z,FL-1,s.larsen,PALLET_DROP,F,PL-2432,LN-29308
2026-07-01T09:38:00Z,FL-2,,DOCK_UNLOAD_START,D,,TRK-187
2026-07-01T10:00:00Z,FL-2,,DOCK_UNLOAD_END,D,,TRK-187
2026-07-01T12:09:00Z,FL-1,s.larsen,PALLET_PICK,F,PL-8292,LN-24487
2026-07-01T12:09:00Z,FL-1,s.larsen,PALLET_PICK,A,PL-6443,LN-22416
2026-07-01T12:10:00Z,FL-1,s.larsen,PALLET_DROP,C,PL-8292,LN-24487
2026-07-01T12:10:00Z,FL-1,s.larsen,PALLET_PICK,C,PL-6443,LN-22416
2026-07-01T12:11:00Z,FL-1,s.larsen,PALLET_DROP,C,PL-6443,LN-22416
2026-07-01T12:13:00Z,FL-1,s.larsen,PALLET_DROP,E,PL-6443,LN-22416
2026-07-01T12:46:00Z,FL-1,s.larsen,PALLET_PICK,C,PL-5883,LN-24449
2026-07-01T12:46:00Z,FL-1,s.larsen,PALLET_PICK,E,PL-6443,LN-22416
2026-07-01T12:47:00Z,FL-1,s.larsen,PALLET_PICK,B,PL-5214,LN-22997
2026-07-01T12:48:00Z,FL-1,s.larsen,PALLET_PICK,C,PL-5214,LN-22997
2026-07-01T12:48:00Z,FL-1,s.larsen,PALLET_PICK,F,PL-4355,LN-28665
2026-07-01T12:49:00Z,FL-1,s.larsen,PALLET_DROP,B,PL-5883,LN-24449
2026-07-01T12:49:00Z,FL-1,s.larsen,PALLET_DROP,E,PL-5214,LN-22997
2026-07-01T12:50:00Z,FL-1,s.larsen,PALLET_DROP,C,PL-6443,LN-22416
2026-07-01T12:50:00Z,FL-1,s.larsen,PALLET_DROP,C,PL-5214,LN-22997
2026-07-01T12:50:00Z,FL-1,s.larsen,PALLET_DROP,C,PL-4355,LN-28665
2026-07-01T16:32:00Z,FL-2,s.tanaka,PALLET_PICK,A,PL-5677,LN-22820
2026-07-01T16:33:00Z,FL-2,s.tanaka,PALLET_DROP,C,PL-5677,LN-22820
2026-07-01T16:33:00Z,FL-2,s.tanaka,PALLET_PICK,C,PL-5677,LN-22820
2026-07-01T16:34:00Z,FL-2,s.tanaka,PALLET_PICK,A,PL-2272,LN-21065
2026-07-01T16:35:00Z,FL-2,s.tanaka,PALLET_PICK,B,PL-2272,LN-21065
2026-07-01T16:35:00Z,FL-2,s.tanaka,PALLET_DROP,F,PL-5677,LN-22820
2026-07-01T16:38:00Z,FL-2,s.tanaka,PALLET_DROP,B,PL-2272,LN-21065
2026-07-01T16:39:00Z,FL-2,s.tanaka,PALLET_DROP,C,PL-2272,LN-21065
2026-07-01T18:11:00Z,FL-2,s.tanaka,PALLET_PICK,A,PL-4484,LN-23230
2026-07-01T18:12:00Z,FL-2,s.tanaka,PALLET_PICK,F,PL-4484,LN-23230
2026-07-01T18:13:00Z,FL-2,s.tanaka,PALLET_PICK,F,PL-3496,LN-20373
2026-07-01T18:13:00Z,FL-2,s.tanaka,PALLET_PICK,E,PL-4484,LN-23230
2026-07-01T18:14:00Z,FL-2,s.tanaka,PALLET_DROP,F,PL-4484,LN-23230
2026-07-01T18:14:00Z,FL-2,s.tanaka,PALLET_DROP,F,PL-4484,LN-23230
2026-07-01T18:15:00Z,FL-2,s.tanaka,PALLET_DROP,E,PL-4484,LN-23230
2026-07-01T18:16:00Z,FL-2,s.tanaka,PALLET_DROP,C,PL-3496,LN-20373
2026-07-01T20:01:00Z,FL-2,s.tanaka,PALLET_PICK,C,PL-2272,LN-21065
2026-07-01T20:01:00Z,FL-2,s.tanaka,PALLET_PICK,F,PL-5340,LN-24017
2026-07-01T20:04:00Z,FL-2,s.tanaka,PALLET_DROP,B,PL-2272,LN-21065
2026-07-01T20:04:00Z,FL-2,s.tanaka,PALLET_DROP,A,PL-5340,LN-24017
2026-07-01T20:46:00Z,FL-2,s.tanaka,PALLET_PICK,F,PL-6025,LN-21837
2026-07-01T20:47:00Z,FL-2,s.tanaka,PALLET_PICK,C,PL-6025,LN-21837
2026-07-01T20:47:00Z,FL-2,s.tanaka,PALLET_PICK,B,PL-2813,LN-25671
2026-07-01T20:48:00Z,FL-2,s.tanaka,PALLET_PICK,F,PL-7147,LN-27074
2026-07-01T20:48:00Z,FL-2,s.tanaka,PALLET_DROP,D,PL-2813,LN-25671
2026-07-01T20:49:00Z,FL-2,s.tanaka,PALLET_DROP,C,PL-6025,LN-21837
2026-07-01T20:49:00Z,FL-2,s.tanaka,PALLET_DROP,D,PL-6025,LN-21837
2026-07-01T20:50:00Z,FL-2,s.tanaka,PALLET_DROP,D,PL-7147,LN-27074
2026-07-02T07:49:00Z,FL-1,s.larsen,PALLET_PICK,B,PL-9254,LN-25020
2026-07-02T07:50:00Z,FL-1,s.larsen,PALLET_PICK,D,PL-9254,LN-25020
2026-07-02T07:50:00Z,FL-1,s.larsen,PALLET_PICK,B,PL-3920,LN-28015
2026-07-02T07:51:00Z,FL-1,s.larsen,PALLET_PICK,D,PL-2432,LN-29308
2026-07-02T07:51:00Z,FL-1,s.larsen,PALLET_DROP,D,PL-9254,LN-25020
2026-07-02T07:52:00Z,FL-1,s.larsen,PALLET_DROP,E,PL-9254,LN-25020
2026-07-02T07:52:00Z,FL-1,s.larsen,PALLET_PICK,E,PL-2432,LN-29308
2026-07-02T07:52:00Z,FL-1,s.larsen,PALLET_DROP,F,PL-3920,LN-28015
2026-07-02T07:52:00Z,FL-1,s.larsen,PALLET_PICK,D,PL-2813,LN-25671
2026-07-02T07:52:00Z,FL-1,s.larsen,PALLET_DROP,E,PL-2432,LN-29308
2026-07-02T07:54:00Z,FL-1,s.larsen,PALLET_DROP,F,PL-2813,LN-25671
2026-07-02T07:54:00Z,FL-1,s.larsen,PALLET_DROP,F,PL-2432,LN-29308
2026-07-02T10:18:00Z,FL-1,s.larsen,PALLET_PICK,C,PL-1877,LN-23935
2026-07-02T10:18:00Z,FL-1,s.larsen,PALLET_PICK,C,PL-4355,LN-28665
2026-07-02T10:18:00Z,FL-1,s.larsen,PALLET_PICK,B,PL-2488,LN-27995
2026-07-02T10:20:00Z,FL-1,s.larsen,PALLET_PICK,F,PL-2488,LN-27995
2026-07-02T10:20:00Z,FL-1,s.larsen,PALLET_DROP,B,PL-4355,LN-28665
2026-07-02T10:21:00Z,FL-1,s.larsen,PALLET_DROP,F,PL-1877,LN-23935
2026-07-02T10:21:00Z,FL-1,s.larsen,PALLET_DROP,F,PL-2488,LN-27995
2026-07-02T10:22:00Z,FL-1,s.larsen,PALLET_DROP,E,PL-2488,LN-27995
2026-07-02T11:24:00Z,FL-1,,DOCK_UNLOAD_START,D,,TRK-313
2026-07-02T11:32:00Z,FL-1,,DOCK_UNLOAD_END,D,,TRK-313
2026-07-02T15:36:00Z,FL-1,,DOCK_UNLOAD_START,B,,TRK-612
2026-07-02T16:00:00Z,FL-1,,DOCK_UNLOAD_END,B,,TRK-612
2026-07-02T16:20:00Z,FL-2,s.tanaka,PALLET_PICK,E,PL-5214,LN-22997
2026-07-02T16:20:00Z,FL-2,s.tanaka,PALLET_PICK,E,PL-2488,LN-27995
2026-07-02T16:21:00Z,FL-2,s.tanaka,PALLET_PICK,C,PL-3602,LN-25438
2026-07-02T16:21:00Z,FL-2,s.tanaka,PALLET_PICK,C,PL-3496,LN-20373
2026-07-02T16:21:00Z,FL-2,s.tanaka,PALLET_DROP,B,PL-5214,LN-22997
2026-07-02T16:22:00Z,FL-2,s.tanaka,PALLET_PICK,D,PL-3496,LN-20373
2026-07-02T16:22:00Z,FL-2,s.tanaka,PALLET_DROP,D,PL-3496,LN-20373
2026-07-02T16:23:00Z,FL-2,s.tanaka,PALLET_DROP,A,PL-2488,LN-27995
2026-07-02T16:24:00Z,FL-2,s.tanaka,PALLET_DROP,B,PL-3602,LN-25438
2026-07-02T16:25:00Z,FL-2,s.tanaka,PALLET_DROP,A,PL-3496,LN-20373
2026-07-02T19:14:00Z,FL-2,s.tanaka,PALLET_PICK,A,PL-9738,LN-22116
2026-07-02T19:17:00Z,FL-2,s.tanaka,PALLET_DROP,F,PL-9738,LN-22116
2026-07-02T20:18:00Z,FL-2,s.tanaka,PALLET_PICK,F,PL-1329,LN-25429
2026-07-02T20:18:00Z,FL-2,s.tanaka,PALLET_PICK,F,PL-2432,LN-29308
2026-07-02T20:19:00Z,FL-2,s.tanaka,PALLET_PICK,D,PL-7147,LN-27074
2026-07-02T20:19:00Z,FL-2,s.tanaka,PALLET_PICK,C,PL-8292,LN-24487
2026-07-02T20:19:00Z,FL-2,s.tanaka,PALLET_DROP,D,PL-2432,LN-29308
2026-07-02T20:21:00Z,FL-2,s.tanaka,PALLET_DROP,B,PL-7147,LN-27074
2026-07-02T20:22:00Z,FL-2,s.tanaka,PALLET_DROP,E,PL-1329,LN-25429
2026-07-02T20:22:00Z,FL-2,s.tanaka,PALLET_DROP,F,PL-8292,LN-24487
2026-07-03T08:10:00Z,FL-1,s.larsen,PALLET_PICK,D,PL-6025,LN-21837
2026-07-03T08:11:00Z,FL-1,s.larsen,PALLET_PICK,B,PL-9563,LN-22275
2026-07-03T08:12:00Z,FL-1,s.larsen,PALLET_PICK,F,PL-9563,LN-22275
2026-07-03T08:12:00Z,FL-1,s.larsen,PALLET_DROP,E,PL-6025,LN-21837
2026-07-03T08:12:00Z,FL-1,s.larsen,PALLET_PICK,E,PL-6025,LN-21837
2026-07-03T08:13:00Z,FL-1,s.larsen,PALLET_DROP,F,PL-9563,LN-22275
2026-07-03T08:14:00Z,FL-1,s.larsen,PALLET_DROP,E,PL-9563,LN-22275
2026-07-03T08:15:00Z,FL-1,s.larsen,PALLET_DROP,F,PL-6025,LN-21837
2026-07-03T09:15:00Z,FL-1,s.larsen,PALLET_PICK,B,PL-2859,LN-20447
2026-07-03T09:16:00Z,FL-1,s.larsen,PALLET_PICK,F,PL-7513,LN-21956
2026-07-03T09:16:00Z,FL-1,s.larsen,PALLET_PICK,C,PL-9748,LN-23756
2026-07-03T09:17:00Z,FL-1,s.larsen,PALLET_DROP,E,PL-2859,LN-20447
2026-07-03T09:17:00Z,FL-1,s.larsen,PALLET_PICK,E,PL-9748,LN-23756
2026-07-03T09:17:00Z,FL-1,s.larsen,PALLET_PICK,F,PL-2194,LN-22903
2026-07-03T09:18:00Z,FL-1,s.larsen,PALLET_DROP,E,PL-9748,LN-23756
2026-07-03T09:19:00Z,FL-1,s.larsen,PALLET_DROP,B,PL-9748,LN-23756
2026-07-03T09:19:00Z,FL-1,s.larsen,PALLET_DROP,C,PL-2194,LN-22903
2026-07-03T09:19:00Z,FL-1,s.larsen,PALLET_PICK,C,PL-2194,LN-22903
2026-07-03T09:19:00Z,FL-1,s.larsen,PALLET_DROP,E,PL-7513,LN-21956
2026-07-03T09:22:00Z,FL-1,s.larsen,PALLET_DROP,B,PL-2194,LN-22903
2026-07-03T11:09:00Z,FL-1,s.larsen,PALLET_PICK,A,PL-9748,LN-23756
2026-07-03T11:11:00Z,FL-1,s.larsen,PALLET_PICK,B,PL-9748,LN-23756
2026-07-03T11:11:00Z,FL-1,s.larsen,PALLET_PICK,B,PL-4463,LN-21238
2026-07-03T11:11:00Z,FL-1,s.larsen,PALLET_PICK,F,PL-9738,LN-22116
2026-07-03T11:12:00Z,FL-1,s.larsen,PALLET_DROP,B,PL-9748,LN-23756
2026-07-03T11:12:00Z,FL-1,s.larsen,PALLET_DROP,F,PL-4463,LN-21238
2026-07-03T11:12:00Z,FL-1,s.larsen,PALLET_DROP,D,PL-9738,LN-22116
2026-07-03T11:12:00Z,FL-1,s.larsen,PALLET_DROP,C,PL-9748,LN-23756
2026-07-03T11:34:00Z,FL-1,s.larsen,PALLET_PICK,F,PL-5298,LN-22132
2026-07-03T11:35:00Z,FL-1,s.larsen,PALLET_PICK,E,PL-5298,LN-22132
2026-07-03T11:35:00Z,FL-1,s.larsen,PALLET_PICK,B,PL-5298,LN-22132
2026-07-03T11:36:00Z,FL-1,s.larsen,PALLET_PICK,A,PL-5298,LN-22132
2026-07-03T11:36:00Z,FL-1,s.larsen,PALLET_DROP,E,PL-5298,LN-22132
2026-07-03T11:37:00Z,FL-1,s.larsen,PALLET_PICK,F,PL-8292,LN-24487
2026-07-03T11:37:00Z,FL-1,s.larsen,PALLET_PICK,B,PL-5506,LN-22641
2026-07-03T11:38:00Z,FL-1,s.larsen,PALLET_DROP,B,PL-8292,LN-24487
2026-07-03T11:39:00Z,FL-1,s.larsen,PALLET_DROP,B,PL-5298,LN-22132
2026-07-03T11:39:00Z,FL-1,s.larsen,PALLET_DROP,A,PL-5298,LN-22132
2026-07-03T11:39:00Z,FL-1,s.larsen,PALLET_DROP,F,PL-5506,LN-22641
2026-07-03T11:39:00Z,FL-1,s.larsen,PALLET_DROP,F,PL-5298,LN-22132
2026-07-03T12:36:00Z,FL-2,,DOCK_UNLOAD_START,D,,TRK-436
2026-07-03T12:38:00Z,FL-2,,DOCK_UNLOAD_END,D,,TRK-436
2026-07-03T14:45:00Z,FL-2,s.tanaka,PALLET_PICK,C,PL-6443,LN-22416
2026-07-03T14:46:00Z,FL-2,s.tanaka,PALLET_PICK,D,PL-6443,LN-22416
2026-07-03T14:46:00Z,FL-2,s.tanaka,PALLET_PICK,A,PL-9484,LN-22445
2026-07-03T14:46:00Z,FL-2,s.tanaka,PALLET_PICK,C,PL-9173,LN-23197
2026-07-03T14:47:00Z,FL-2,s.tanaka,PALLET_PICK,B,PL-2694,LN-22697
2026-07-03T14:47:00Z,FL-2,s.tanaka,PALLET_DROP,D,PL-6443,LN-22416
2026-07-03T14:48:00Z,FL-2,s.tanaka,PALLET_DROP,B,PL-6443,LN-22416
2026-07-03T14:48:00Z,FL-2,s.tanaka,PALLET_DROP,C,PL-2694,LN-22697
2026-07-03T14:49:00Z,FL-2,s.tanaka,PALLET_DROP,F,PL-9484,LN-22445
2026-07-03T14:50:00Z,FL-2,s.tanaka,PALLET_DROP,F,PL-9173,LN-23197
2026-07-03T18:03:00Z,FL-2,s.tanaka,PALLET_PICK,E,PL-1329,LN-25429
2026-07-03T18:04:00Z,FL-2,s.tanaka,PALLET_PICK,D,PL-9738,LN-22116
2026-07-03T18:04:00Z,FL-2,s.tanaka,PALLET_PICK,F,PL-9173,LN-23197
2026-07-03T18:05:00Z,FL-2,s.tanaka,PALLET_DROP,F,PL-1329,LN-25429
2026-07-03T18:06:00Z,FL-2,s.tanaka,PALLET_DROP,B,PL-9738,LN-22116
2026-07-03T18:07:00Z,FL-2,s.tanaka,PALLET_DROP,A,PL-9173,LN-23197
2026-07-03T21:09:00Z,FL-2,s.tanaka,PALLET_PICK,A,PL-3496,LN-20373
2026-07-03T21:09:00Z,FL-2,s.tanaka,PALLET_PICK,C,PL-4211,LN-26500
2026-07-03T21:12:00Z,FL-2,s.tanaka,PALLET_DROP,C,PL-3496,LN-20373
2026-07-03T21:13:00Z,FL-2,s.tanaka,PALLET_DROP,E,PL-4211,LN-26500
