timestamp,badge_id,holder,reader,event
2026-03-15T06:10:00Z,B1018,Elif Patel,MAIN-ENTRANCE,IN
2026-03-15T06:11:00Z,B1039,Owen Ferreira,MAIN-ENTRANCE,IN
2026-03-15T10:36:00Z,B1018,Elif Patel,ROOM-A,UNLOCK
2026-03-15T10:36:00Z,B1018,Elif Patel,ROOM-A,UNLOCK
2026-03-15T10:37:00Z,B1018,Elif Patel,ROOM-D,UNLOCK
2026-03-15T10:37:00Z,B1018,Elif Patel,ROOM-D,UNLOCK
2026-03-15T10:38:00Z,B1018,Elif Patel,ROOM-B,UNLOCK
2026-03-15T10:39:00Z,B1018,Elif Patel,ROOM-E,UNLOCK
2026-03-15T10:41:00Z,B1018,Elif Patel,ROOM-D,UNLOCK
2026-03-15T10:42:00Z,B1018,Elif Patel,ROOM-B,UNLOCK
2026-03-15T10:42:00Z,B1018,Elif Patel,ROOM-F,UNLOCK
2026-03-15T10:42:00Z,B1018,Elif Patel,ROOM-F,UNLOCK
2026-03-15T10:43:00Z,B1018,Elif Patel,ROOM-E,UNLOCK
2026-03-15T10:45:00Z,B1018,Elif Patel,ROOM-A,UNLOCK
2026-03-15T14:06:00Z,B1023,Ivan Rivera,MAIN-ENTRANCE,IN
2026-03-15T14:09:00Z,B1018,Elif Patel,MAIN-ENTRANCE,OUT
2026-03-15T14:11:00Z,B1039,Owen Ferreira,MAIN-ENTRANCE,OUT
2026-03-15T17:56:00Z,B1023,Ivan Rivera,ROOM-A,UNLOCK
2026-03-15T17:56:00Z,B1023,Ivan Rivera,ROOM-C,UNLOCK
2026-03-15T18:01:00Z,B1023,Ivan Rivera,ROOM-D,UNLOCK
2026-03-15T18:02:00Z,B1023,Ivan Rivera,ROOM-D,UNLOCK
2026-03-15T22:04:00Z,B1008,Lena Okafor,MAIN-ENTRANCE,IN
2026-03-15T22:10:00Z,B1023,Ivan Rivera,MAIN-ENTRANCE,OUT
2026-03-16T02:39:00Z,B1008,Lena Okafor,ROOM-D,UNLOCK
2026-03-16T02:39:00Z,B1008,Lena Okafor,ROOM-F,UNLOCK
2026-03-16T05:57:00Z,B1039,Owen Ferreira,MAIN-ENTRANCE,IN
2026-03-16T06:07:00Z,B1002,Sofia Larsen,MAIN-ENTRANCE,IN
2026-03-16T06:11:00Z,B1018,Elif Patel,MAIN-ENTRANCE,IN
2026-03-16T06:26:00Z,B1008,Lena Okafor,MAIN-ENTRANCE,OUT
2026-03-16T07:10:00Z,B1018,Elif Patel,ROOM-A,UNLOCK
2026-03-16T07:10:00Z,B1018,Elif Patel,ROOM-C,UNLOCK
2026-03-16T07:10:00Z,B1018,Elif Patel,ROOM-F,UNLOCK
2026-03-16T07:15:00Z,B1018,Elif Patel,ROOM-B,UNLOCK
2026-03-16T07:15:00Z,B1018,Elif Patel,ROOM-C,UNLOCK
2026-03-16T07:16:00Z,B1018,Elif Patel,ROOM-D,UNLOCK
2026-03-16T07:59:00Z,B1018,Elif Patel,ROOM-A,UNLOCK
2026-03-16T07:59:00Z,B1018,Elif Patel,ROOM-C,UNLOCK
2026-03-16T07:59:00Z,B1018,Elif Patel,ROOM-F,UNLOCK
2026-03-16T08:03:00Z,B1018,Elif Patel,ROOM-A,UNLOCK
2026-03-16T08:06:00Z,B1018,Elif Patel,ROOM-D,UNLOCK
2026-03-16T08:07:00Z,B1018,Elif Patel,ROOM-B,UNLOCK
2026-03-16T09:42:00Z,B1039,Owen Ferreira,ROOM-E,UNLOCK
2026-03-16T09:48:00Z,B1039,Owen Ferreira,ROOM-C,UNLOCK
2026-03-16T09:50:00Z,B1002,Sofia Larsen,ROOM-A,UNLOCK
2026-03-16T09:58:00Z,B1002,Sofia Larsen,ROOM-B,UNLOCK
2026-03-16T10:00:00Z,B1039,Owen Ferreira,ROOM-A,UNLOCK
2026-03-16T10:08:00Z,B1002,Sofia Larsen,ROOM-C,UNLOCK
2026-03-16T10:20:00Z,B1002,Sofia Larsen,ROOM-E,UNLOCK
2026-03-16T11:06:00Z,B1018,Elif Patel,ROOM-F,UNLOCK
2026-03-16T11:07:00Z,B1018,Elif Patel,ROOM-A,UNLOCK
2026-03-16T11:07:00Z,B1018,Elif Patel,ROOM-B,UNLOCK
2026-03-16T11:07:00Z,B1018,Elif Patel,ROOM-C,UNLOCK
2026-03-16T11:08:00Z,B1018,Elif Patel,ROOM-E,UNLOCK
2026-03-16T11:09:00Z,B1018,Elif Patel,ROOM-F,UNLOCK
2026-03-16T11:10:00Z,B1018,Elif Patel,ROOM-E,UNLOCK
2026-03-16T11:11:00Z,B1018,Elif Patel,ROOM-A,UNLOCK
2026-03-16T11:11:00Z,B1018,Elif Patel,ROOM-B,UNLOCK
2026-03-16T11:11:00Z,B1018,Elif Patel,ROOM-F,UNLOCK
2026-03-16T11:12:00Z,B1018,Elif Patel,ROOM-A,UNLOCK
2026-03-16T11:15:00Z,B1018,Elif Patel,ROOM-B,UNLOCK
2026-03-16T11:59:00Z,B1018,Elif Patel,ROOM-A,UNLOCK
2026-03-16T11:59:00Z,B1018,Elif Patel,ROOM-E,UNLOCK
2026-03-16T12:00:00Z,B1018,Elif Patel,ROOM-E,UNLOCK
2026-03-16T12:01:00Z,B1018,Elif Patel,ROOM-E,UNLOCK
2026-03-16T12:03:00Z,B1018,Elif Patel,ROOM-C,UNLOCK
2026-03-16T12:05:00Z,B1018,Elif Patel,ROOM-B,UNLOCK
2026-03-16T12:05:00Z,B1018,Elif Patel,ROOM-E,UNLOCK
2026-03-16T12:06:00Z,B1018,Elif Patel,ROOM-F,UNLOCK
2026-03-16T12:53:00Z,B1039,Owen Ferreira,ROOM-C,UNLOCK
2026-03-16T13:49:00Z,B1039,Owen Ferreira,MAIN-ENTRANCE,OUT
2026-03-16T13:57:00Z,B1002,Sofia Larsen,MAIN-ENTRANCE,OUT
2026-03-16T14:02:00Z,B1023,Ivan Rivera,MAIN-ENTRANCE,IN
2026-03-16T14:31:00Z,B1018,Elif Patel,MAIN-ENTRANCE,OUT
2026-03-16T17:43:00Z,B1023,Ivan Rivera,ROOM-C,UNLOCK
2026-03-16T17:43:00Z,B1023,Ivan Rivera,ROOM-F,UNLOCK
2026-03-16T17:44:00Z,B1023,Ivan Rivera,ROOM-A,UNLOCK
2026-03-16T17:44:00Z,B1023,Ivan Rivera,ROOM-D,UNLOCK
2026-03-16T17:44:00Z,B1023,Ivan Rivera,ROOM-F,UNLOCK
2026-03-16T17:44:00Z,B1023,Ivan Rivera,ROOM-F,UNLOCK
2026-03-16T17:45:00Z,B1023,Ivan Rivera,ROOM-C,UNLOCK
2026-03-16T17:46:00Z,B1023,Ivan Rivera,ROOM-D,UNLOCK
2026-03-16T17:47:00Z,B1023,Ivan Rivera,ROOM-D,UNLOCK
2026-03-16T17:49:00Z,B1023,Ivan Rivera,ROOM-C,UNLOCK
2026-03-16T17:49:00Z,B1023,Ivan Rivera,ROOM-C,UNLOCK
2026-03-16T17:50:00Z,B1023,Ivan Rivera,ROOM-C,UNLOCK
2026-03-16T17:50:00Z,B1023,Ivan Rivera,ROOM-D,UNLOCK
2026-03-16T17:50:00Z,B1023,Ivan Rivera,ROOM-D,UNLOCK
2026-03-16T17:50:00Z,B1023,Ivan Rivera,ROOM-F,UNLOCK
2026-03-16T17:51:00Z,B1023,Ivan Rivera,ROOM-A,UNLOCK
2026-03-16T22:11:00Z,B1008,Lena Okafor,MAIN-ENTRANCE,IN
2026-03-16T22:11:00Z,B1023,Ivan Rivera,MAIN-ENTRANCE,OUT
2026-03-17T00:15:00Z,B1008,Lena Okafor,ROOM-E,UNLOCK
2026-03-17T00:26:00Z,B1008,Lena Okafor,ROOM-D,UNLOCK
2026-03-17T05:57:00Z,B1002,Sofia Larsen,MAIN-ENTRANCE,IN
2026-03-17T06:13:00Z,B1008,Lena Okafor,MAIN-ENTRANCE,OUT
2026-03-17T06:13:00Z,B1018,Elif Patel,MAIN-ENTRANCE,IN
2026-03-17T06:14:00Z,B1039,Owen Ferreira,MAIN-ENTRANCE,IN
2026-03-17T07:00:00Z,B1018,Elif Patel,ROOM-A,UNLOCK
2026-03-17T07:00:00Z,B1018,Elif Patel,ROOM-F,UNLOCK
2026-03-17T07:01:00Z,B1018,Elif Patel,ROOM-D,UNLOCK
2026-03-17T07:02:00Z,B1018,Elif Patel,ROOM-B,UNLOCK
2026-03-17T07:02:00Z,B1018,Elif Patel,ROOM-B,UNLOCK
2026-03-17T07:05:00Z,B1018,Elif Patel,ROOM-C,UNLOCK
2026-03-17T07:06:00Z,B1018,Elif Patel,ROOM-B,UNLOCK
2026-03-17T07:06:00Z,B1018,Elif Patel,ROOM-D,UNLOCK
2026-03-17T07:08:00Z,B1018,Elif Patel,ROOM-D,UNLOCK
2026-03-17T07:08:00Z,B1018,Elif Patel,ROOM-F,UNLOCK
2026-03-17T07:33:00Z,B1018,Elif Patel,ROOM-A,UNLOCK
2026-03-17T07:33:00Z,B1018,Elif Patel,ROOM-D,UNLOCK
2026-03-17T07:33:00Z,B1018,Elif Patel,ROOM-E,UNLOCK
2026-03-17T07:33:00Z,B1018,Elif Patel,ROOM-F,UNLOCK
2026-03-17T07:34:00Z,B1018,Elif Patel,ROOM-B,UNLOCK
2026-03-17T07:36:00Z,B1018,Elif Patel,ROOM-B,UNLOCK
2026-03-17T07:36:00Z,B1018,Elif Patel,ROOM-E,UNLOCK
2026-03-17T07:38:00Z,B1018,Elif Patel,ROOM-C,UNLOCK
2026-03-17T07:38:00Z,B1018,Elif Patel,ROOM-E,UNLOCK
2026-03-17T07:41:00Z,B1018,Elif Patel,ROOM-C,UNLOCK
2026-03-17T07:43:00Z,B1018,Elif Patel,ROOM-C,UNLOCK
2026-03-17T07:43:00Z,B1018,Elif Patel,ROOM-E,UNLOCK
2026-03-17T07:43:00Z,B1018,Elif Patel,ROOM-F,UNLOCK
2026-03-17T07:45:00Z,B1018,Elif Patel,ROOM-D,UNLOCK
2026-03-17T07:48:00Z,B1018,Elif Patel,ROOM-D,UNLOCK
2026-03-17T07:49:00Z,B1018,Elif Patel,ROOM-A,UNLOCK
2026-03-17T07:51:00Z,B1018,Elif Patel,ROOM-D,UNLOCK
2026-03-17T07:53:00Z,B1018,Elif Patel,ROOM-E,UNLOCK
2026-03-17T07:58:00Z,B1002,Sofia Larsen,ROOM-A,UNLOCK
2026-03-17T08:09:00Z,B1002,Sofia Larsen,ROOM-B,UNLOCK
2026-03-17T08:21:00Z,B1018,Elif Patel,ROOM-C,UNLOCK
2026-03-17T08:21:00Z,B1018,Elif Patel,ROOM-E,UNLOCK
2026-03-17T08:22:00Z,B1002,Sofia Larsen,ROOM-C,UNLOCK
2026-03-17T08:22:00Z,B1018,Elif Patel,ROOM-B,UNLOCK
2026-03-17T08:26:00Z,B1018,Elif Patel,ROOM-B,UNLOCK
2026-03-17T08:27:00Z,B1018,Elif Patel,ROOM-A,UNLOCK
2026-03-17T08:27:00Z,B1018,Elif Patel,ROOM-F,UNLOCK
2026-03-17T08:31:00Z,B1039,Owen Ferreira,ROOM-B,UNLOCK
2026-03-17T08:32:00Z,B1002,Sofia Larsen,ROOM-E,UNLOCK
2026-03-17T09:01:00Z,B1018,Elif Patel,ROOM-A,UNLOCK
2026-03-17T09:01:00Z,B1018,Elif Patel,ROOM-B,UNLOCK
2026-03-17T09:01:00Z,B1018,Elif Patel,ROOM-F,UNLOCK
2026-03-17T09:02:00Z,B1018,Elif Patel,ROOM-D,UNLOCK
2026-03-17T09:06:00Z,B1018,Elif Patel,ROOM-D,UNLOCK
2026-03-17T09:07:00Z,B1018,Elif Patel,ROOM-C,UNLOCK
2026-03-17T09:08:00Z,B1018,Elif Patel,ROOM-A,UNLOCK
2026-03-17T09:08:00Z,B1018,Elif Patel,ROOM-E,UNLOCK
2026-03-17T10:13:00Z,B1018,Elif Patel,ROOM-B,UNLOCK
2026-03-17T10:13:00Z,B1018,Elif Patel,ROOM-B,UNLOCK
2026-03-17T10:13:00Z,B1018,Elif Patel,ROOM-E,UNLOCK
2026-03-17T10:13:00Z,B1018,Elif Patel,ROOM-F,UNLOCK
2026-03-17T10:15:00Z,B1018,Elif Patel,ROOM-C,UNLOCK
2026-03-17T10:17:00Z,B1018,Elif Patel,ROOM-B,UNLOCK
2026-03-17T10:19:00Z,B1018,Elif Patel,ROOM-C,UNLOCK
2026-03-17T10:19:00Z,B1018,Elif Patel,ROOM-E,UNLOCK
2026-03-17T10:20:00Z,B1018,Elif Patel,ROOM-C,UNLOCK
2026-03-17T10:20:00Z,B1018,Elif Patel,ROOM-E,UNLOCK
2026-03-17T10:59:00Z,B1039,Owen Ferreira,ROOM-C,UNLOCK
2026-03-17T12:08:00Z,B1039,Owen Ferreira,ROOM-A,UNLOCK
2026-03-17T12:14:00Z,B1039,Owen Ferreira,ROOM-C,UNLOCK
2026-03-17T12:18:00Z,B1039,Owen Ferreira,ROOM-B,UNLOCK
2026-03-17T14:02:00Z,B1023,Ivan Rivera,MAIN-ENTRANCE,IN
2026-03-17T14:09:00Z,B1002,Sofia Larsen,MAIN-ENTRANCE,OUT
2026-03-17T14:09:00Z,B1039,Owen Ferreira,ROOM-B,UNLOCK
2026-03-17T14:13:00Z,B1039,Owen Ferreira,MAIN-ENTRANCE,OUT
2026-03-17T14:31:00Z,B1018,Elif Patel,MAIN-ENTRANCE,OUT
2026-03-17T20:03:00Z,B1023,Ivan Rivera,ROOM-C,UNLOCK
2026-03-17T20:03:00Z,B1023,Ivan Rivera,ROOM-C,UNLOCK
2026-03-17T20:03:00Z,B1023,Ivan Rivera,ROOM-D,UNLOCK
2026-03-17T20:03:00Z,B1023,Ivan Rivera,ROOM-D,UNLOCK
2026-03-17T20:06:00Z,B1023,Ivan Rivera,ROOM-F,UNLOCK
2026-03-17T20:09:00Z,B1023,Ivan Rivera,ROOM-A,UNLOCK
2026-03-17T20:09:00Z,B1023,Ivan Rivera,ROOM-F,UNLOCK
2026-03-17T20:11:00Z,B1023,Ivan Rivera,ROOM-F,UNLOCK
2026-03-17T22:02:00Z,B1008,Lena Okafor,MAIN-ENTRANCE,IN
2026-03-17T22:04:00Z,B1023,Ivan Rivera,MAIN-ENTRANCE,OUT
2026-03-17T23:50:00Z,B1008,Lena Okafor,ROOM-E,UNLOCK
2026-03-18T00:05:00Z,B1008,Lena Okafor,ROOM-F,UNLOCK
2026-03-18T05:56:00Z,B1008,Lena Okafor,MAIN-ENTRANCE,OUT
2026-03-18T06:07:00Z,B1002,Sofia Larsen,MAIN-ENTRANCE,IN
2026-03-18T06:10:00Z,B1018,Elif Patel,MAIN-ENTRANCE,IN
2026-03-18T06:14:00Z,B1039,Owen Ferreira,MAIN-ENTRANCE,IN
2026-03-18T07:10:00Z,B1018,Elif Patel,ROOM-E,UNLOCK
2026-03-18T07:10:00Z,B1018,Elif Patel,ROOM-F,UNLOCK
2026-03-18T07:11:00Z,B1018,Elif Patel,ROOM-B,UNLOCK
2026-03-18T07:14:00Z,B1018,Elif Patel,ROOM-B,UNLOCK
2026-03-18T07:16:00Z,B1018,Elif Patel,ROOM-A,UNLOCK
2026-03-18T07:18:00Z,B1018,Elif Patel,ROOM-A,UNLOCK
2026-03-18T08:36:00Z,B1039,Owen Ferreira,ROOM-E,UNLOCK
2026-03-18T08:37:00Z,B1039,Owen Ferreira,ROOM-B,UNLOCK
2026-03-18T08:46:00Z,B1039,Owen Ferreira,ROOM-C,UNLOCK
2026-03-18T08:59:00Z,B1039,Owen Ferreira,ROOM-B,UNLOCK
2026-03-18T10:11:00Z,B1002,Sofia Larsen,ROOM-A,UNLOCK
2026-03-18T10:21:00Z,B1002,Sofia Larsen,ROOM-B,UNLOCK
2026-03-18T10:30:00Z,B1002,Sofia Larsen,ROOM-C,UNLOCK
2026-03-18T10:36:00Z,B1002,Sofia Larsen,ROOM-E,UNLOCK
2026-03-18T10:39:00Z,B1018,Elif Patel,ROOM-D,UNLOCK
2026-03-18T10:39:00Z,B1018,Elif Patel,ROOM-E,UNLOCK
2026-03-18T10:39:00Z,B1018,Elif Patel,ROOM-E,UNLOCK
2026-03-18T10:40:00Z,B1018,Elif Patel,ROOM-C,UNLOCK
2026-03-18T10:41:00Z,B1018,Elif Patel,ROOM-D,UNLOCK
2026-03-18T10:45:00Z,B1018,Elif Patel,ROOM-C,UNLOCK
2026-03-18T10:45:00Z,B1018,Elif Patel,ROOM-E,UNLOCK
2026-03-18T10:47:00Z,B1018,Elif Patel,ROOM-A,UNLOCK
2026-03-18T10:47:00Z,B1018,Elif Patel,ROOM-F,UNLOCK
2026-03-18T10:48:00Z,B1018,Elif Patel,ROOM-D,UNLOCK
2026-03-18T12:12:00Z,B1018,Elif Patel,ROOM-A,UNLOCK
2026-03-18T12:12:00Z,B1018,Elif Patel,ROOM-F,UNLOCK
2026-03-18T12:13:00Z,B1018,Elif Patel,ROOM-F,UNLOCK
2026-03-18T12:14:00Z,B1018,Elif Patel,ROOM-A,UNLOCK
2026-03-18T12:17:00Z,B1018,Elif Patel,ROOM-C,UNLOCK
2026-03-18T12:17:00Z,B1018,Elif Patel,ROOM-F,UNLOCK
2026-03-18T12:19:00Z,B1018,Elif Patel,ROOM-F,UNLOCK
2026-03-18T12:20:00Z,B1018,Elif Patel,ROOM-B,UNLOCK
2026-03-18T13:46:00Z,B1039,Owen Ferreira,ROOM-B,UNLOCK
2026-03-18T14:00:00Z,B1018,Elif Patel,MAIN-ENTRANCE,OUT
2026-03-18T14:06:00Z,B1023,Ivan Rivera,MAIN-ENTRANCE,IN
2026-03-18T14:23:00Z,B1002,Sofia Larsen,MAIN-ENTRANCE,OUT
2026-03-18T14:26:00Z,B1039,Owen Ferreira,MAIN-ENTRANCE,OUT
2026-03-18T14:58:00Z,B1023,Ivan Rivera,ROOM-C,UNLOCK
2026-03-18T14:58:00Z,B1023,Ivan Rivera,ROOM-F,UNLOCK
2026-03-18T14:59:00Z,B1023,Ivan Rivera,ROOM-D,UNLOCK
2026-03-18T15:04:00Z,B1023,Ivan Rivera,ROOM-B,UNLOCK
2026-03-18T15:04:00Z,B1023,Ivan Rivera,ROOM-F,UNLOCK
2026-03-18T15:07:00Z,B1023,Ivan Rivera,ROOM-C,UNLOCK
2026-03-18T16:30:00Z,B1023,Ivan Rivera,ROOM-C,UNLOCK
2026-03-18T16:30:00Z,B1023,Ivan Rivera,ROOM-F,UNLOCK
2026-03-18T16:34:00Z,B1023,Ivan Rivera,ROOM-D,UNLOCK
2026-03-18T16:36:00Z,B1023,Ivan Rivera,ROOM-D,UNLOCK
2026-03-18T20:58:00Z,B1023,Ivan Rivera,ROOM-C,UNLOCK
2026-03-18T20:58:00Z,B1023,Ivan Rivera,ROOM-E,UNLOCK
2026-03-18T21:03:00Z,B1023,Ivan Rivera,ROOM-D,UNLOCK
2026-03-18T21:04:00Z,B1023,Ivan Rivera,ROOM-D,UNLOCK
2026-03-18T21:24:00Z,B1023,Ivan Rivera,ROOM-B,UNLOCK
2026-03-18T21:24:00Z,B1023,Ivan Rivera,ROOM-D,UNLOCK
2026-03-18T21:24:00Z,B1023,Ivan Rivera,ROOM-D,UNLOCK
2026-03-18T21:28:00Z,B1023,Ivan Rivera,ROOM-E,UNLOCK
2026-03-18T21:30:00Z,B1023,Ivan Rivera,ROOM-B,UNLOCK
2026-03-18T21:31:00Z,B1023,Ivan Rivera,ROOM-C,UNLOCK
2026-03-18T22:00:00Z,B1008,Lena Okafor,MAIN-ENTRANCE,IN
2026-03-18T22:11:00Z,B1023,Ivan Rivera,MAIN-ENTRANCE,OUT
2026-03-18T22:11:00Z,B1032,Lena Rivera,MAIN-ENTRANCE,IN
2026-03-19T03:23:00Z,B1008,Lena Okafor,ROOM-D,UNLOCK
2026-03-19T03:40:00Z,B1008,Lena Okafor,ROOM-F,UNLOCK
2026-03-19T06:02:00Z,B1002,Sofia Larsen,MAIN-ENTRANCE,IN
2026-03-19T06:10:00Z,B1008,Lena Okafor,MAIN-ENTRANCE,OUT
2026-03-19T06:10:00Z,B1018,Elif Patel,MAIN-ENTRANCE,IN
2026-03-19T06:11:00Z,B1039,Owen Ferreira,MAIN-ENTRANCE,IN
2026-03-19T06:33:00Z,B1032,Lena Rivera,MAIN-ENTRANCE,OUT
2026-03-19T07:41:00Z,B1002,Sofia Larsen,ROOM-A,UNLOCK
2026-03-19T07:49:00Z,B1002,Sofia Larsen,ROOM-B,UNLOCK
2026-03-19T07:53:00Z,B1002,Sofia Larsen,ROOM-C,UNLOCK
2026-03-19T07:59:00Z,B1002,Sofia Larsen,ROOM-E,UNLOCK
2026-03-19T08:09:00Z,B1039,Owen Ferreira,ROOM-C,UNLOCK
2026-03-19T09:08:00Z,B1039,Owen Ferreira,ROOM-E,UNLOCK
2026-03-19T09:13:00Z,B1039,Owen Ferreira,ROOM-A,UNLOCK
2026-03-19T09:21:00Z,B1039,Owen Ferreira,ROOM-C,UNLOCK
2026-03-19T11:25:00Z,B1039,Owen Ferreira,ROOM-C,UNLOCK
2026-03-19T12:08:00Z,B1018,Elif Patel,ROOM-A,UNLOCK
2026-03-19T12:08:00Z,B1018,Elif Patel,ROOM-A,UNLOCK
2026-03-19T12:08:00Z,B1018,Elif Patel,ROOM-E,UNLOCK
2026-03-19T12:13:00Z,B1018,Elif Patel,ROOM-B,UNLOCK
2026-03-19T12:13:00Z,B1018,Elif Patel,ROOM-F,UNLOCK
2026-03-19T12:14:00Z,B1018,Elif Patel,ROOM-E,UNLOCK
2026-03-19T12:51:00Z,B1018,Elif Patel,ROOM-D,UNLOCK
2026-03-19T12:52:00Z,B1018,Elif Patel,ROOM-A,UNLOCK
2026-03-19T12:52:00Z,B1018,Elif Patel,ROOM-C,UNLOCK
2026-03-19T12:53:00Z,B1018,Elif Patel,ROOM-A,UNLOCK
2026-03-19T12:56:00Z,B1018,Elif Patel,ROOM-F,UNLOCK
2026-03-19T12:57:00Z,B1018,Elif Patel,ROOM-A,UNLOCK
2026-03-19T12:57:00Z,B1018,Elif Patel,ROOM-E,UNLOCK
2026-03-19T12:58:00Z,B1018,Elif Patel,ROOM-A,UNLOCK
2026-03-19T12:58:00Z,B1018,Elif Patel,ROOM-E,UNLOCK
2026-03-19T12:59:00Z,B1018,Elif Patel,ROOM-A,UNLOCK
2026-03-19T13:02:00Z,B1018,Elif Patel,ROOM-F,UNLOCK
2026-03-19T13:03:00Z,B1018,Elif Patel,ROOM-C,UNLOCK
2026-03-19T14:02:00Z,B1002,Sofia Larsen,MAIN-ENTRANCE,OUT
2026-03-19T14:04:00Z,B1023,Ivan Rivera,MAIN-ENTRANCE,IN
2026-03-19T14:08:00Z,B1039,Owen Ferreira,MAIN-ENTRANCE,OUT
2026-03-19T14:16:00Z,B1018,Elif Patel,MAIN-ENTRANCE,OUT
2026-03-19T14:40:00Z,B1023,Ivan Rivera,ROOM-A,UNLOCK
2026-03-19T14:41:00Z,B1023,Ivan Rivera,ROOM-B,UNLOCK
2026-03-19T14:41:00Z,B1023,Ivan Rivera,ROOM-D,UNLOCK
2026-03-19T14:42:00Z,B1023,Ivan Rivera,ROOM-F,UNLOCK
2026-03-19T14:47:00Z,B1023,Ivan Rivera,ROOM-B,UNLOCK
2026-03-19T14:47:00Z,B1023,Ivan Rivera,ROOM-E,UNLOCK
2026-03-19T14:48:00Z,B1023,Ivan Rivera,ROOM-E,UNLOCK
2026-03-19T14:49:00Z,B1023,Ivan Rivera,ROOM-E,UNLOCK
2026-03-19T15:49:00Z,B1039,Owen Ferreira,ROOM-B,UNLOCK
2026-03-19T16:29:00Z,B1023,Ivan Rivera,ROOM-B,UNLOCK
2026-03-19T16:29:00Z,B1023,Ivan Rivera,ROOM-E,UNLOCK
2026-03-19T16:33:00Z,B1023,Ivan Rivera,ROOM-A,UNLOCK
2026-03-19T16:34:00Z,B1023,Ivan Rivera,ROOM-E,UNLOCK
2026-03-19T19:38:00Z,B1023,Ivan Rivera,ROOM-D,UNLOCK
2026-03-19T19:38:00Z,B1023,Ivan Rivera,ROOM-E,UNLOCK
2026-03-19T19:41:00Z,B1023,Ivan Rivera,ROOM-C,UNLOCK
2026-03-19T19:43:00Z,B1023,Ivan Rivera,ROOM-E,UNLOCK
2026-03-19T21:58:00Z,B1008,Lena Okafor,MAIN-ENTRANCE,IN
2026-03-19T22:01:00Z,B1023,Ivan Rivera,MAIN-ENTRANCE,OUT
2026-03-19T22:11:00Z,B1032,Lena Rivera,MAIN-ENTRANCE,IN
2026-03-20T00:40:00Z,B1008,Lena Okafor,ROOM-C,UNLOCK
2026-03-20T04:04:00Z,B1008,Lena Okafor,ROOM-E,UNLOCK
2026-03-20T05:50:00Z,B1008,Lena Okafor,MAIN-ENTRANCE,OUT
2026-03-20T06:03:00Z,B1018,Elif Patel,MAIN-ENTRANCE,IN
2026-03-20T06:05:00Z,B1032,Lena Rivera,MAIN-ENTRANCE,OUT
2026-03-20T06:07:00Z,B1039,Owen Ferreira,MAIN-ENTRANCE,IN
2026-03-20T06:12:00Z,B1002,Sofia Larsen,MAIN-ENTRANCE,IN
2026-03-20T06:56:00Z,B1018,Elif Patel,ROOM-C,UNLOCK
2026-03-20T06:56:00Z,B1018,Elif Patel,ROOM-D,UNLOCK
2026-03-20T06:56:00Z,B1018,Elif Patel,ROOM-D,UNLOCK
2026-03-20T06:56:00Z,B1018,Elif Patel,ROOM-E,UNLOCK
2026-03-20T06:59:00Z,B1018,Elif Patel,ROOM-F,UNLOCK
2026-03-20T07:01:00Z,B1018,Elif Patel,ROOM-E,UNLOCK
2026-03-20T07:02:00Z,B1018,Elif Patel,ROOM-C,UNLOCK
2026-03-20T07:03:00Z,B1018,Elif Patel,ROOM-F,UNLOCK
2026-03-20T08:12:00Z,B1039,Owen Ferreira,ROOM-B,UNLOCK
2026-03-20T08:18:00Z,B1039,Owen Ferreira,ROOM-A,UNLOCK
2026-03-20T08:22:00Z,B1018,Elif Patel,ROOM-B,UNLOCK
2026-03-20T08:22:00Z,B1018,Elif Patel,ROOM-D,UNLOCK
2026-03-20T08:22:00Z,B1018,Elif Patel,ROOM-F,UNLOCK
2026-03-20T08:24:00Z,B1018,Elif Patel,ROOM-B,UNLOCK
2026-03-20T08:26:00Z,B1018,Elif Patel,ROOM-E,UNLOCK
2026-03-20T08:27:00Z,B1018,Elif Patel,ROOM-B,UNLOCK
2026-03-20T08:28:00Z,B1018,Elif Patel,ROOM-E,UNLOCK
2026-03-20T08:31:00Z,B1018,Elif Patel,ROOM-E,UNLOCK
2026-03-20T08:32:00Z,B1039,Owen Ferreira,ROOM-C,UNLOCK
2026-03-20T08:45:00Z,B1018,Elif Patel,ROOM-B,UNLOCK
2026-03-20T08:45:00Z,B1018,Elif Patel,ROOM-B,UNLOCK
2026-03-20T08:46:00Z,B1018,Elif Patel,ROOM-A,UNLOCK
2026-03-20T08:46:00Z,B1018,Elif Patel,ROOM-B,UNLOCK
2026-03-20T08:49:00Z,B1018,Elif Patel,ROOM-A,UNLOCK
2026-03-20T08:50:00Z,B1018,Elif Patel,ROOM-D,UNLOCK
2026-03-20T08:51:00Z,B1018,Elif Patel,ROOM-D,UNLOCK
2026-03-20T08:52:00Z,B1018,Elif Patel,ROOM-E,UNLOCK
2026-03-20T09:25:00Z,B1039,Owen Ferreira,ROOM-C,UNLOCK
2026-03-20T09:36:00Z,B1039,Owen Ferreira,ROOM-B,UNLOCK
2026-03-20T10:09:00Z,B1018,Elif Patel,ROOM-B,UNLOCK
2026-03-20T10:09:00Z,B1018,Elif Patel,ROOM-E,UNLOCK
2026-03-20T10:12:00Z,B1018,Elif Patel,ROOM-A,UNLOCK
2026-03-20T10:14:00Z,B1018,Elif Patel,ROOM-F,UNLOCK
2026-03-20T10:21:00Z,B1039,Owen Ferreira,ROOM-C,UNLOCK
2026-03-20T12:02:00Z,B1002,Sofia Larsen,ROOM-A,UNLOCK
2026-03-20T12:09:00Z,B1002,Sofia Larsen,ROOM-B,UNLOCK
2026-03-20T12:19:00Z,B1002,Sofia Larsen,ROOM-C,UNLOCK
2026-03-20T12:23:00Z,B1002,Sofia Larsen,ROOM-E,UNLOCK
2026-03-20T12:30:00Z,B1018,Elif Patel,ROOM-F,UNLOCK
2026-03-20T12:31:00Z,B1018,Elif Patel,ROOM-A,UNLOCK
2026-03-20T12:32:00Z,B1018,Elif Patel,ROOM-B,UNLOCK
2026-03-20T12:34:00Z,B1018,Elif Patel,ROOM-A,UNLOCK
2026-03-20T12:35:00Z,B1018,Elif Patel,ROOM-B,UNLOCK
2026-03-20T12:35:00Z,B1018,Elif Patel,ROOM-B,UNLOCK
2026-03-20T12:35:00Z,B1018,Elif Patel,ROOM-B,UNLOCK
2026-03-20T12:36:00Z,B1018,Elif Patel,ROOM-A,UNLOCK
2026-03-20T12:37:00Z,B1018,Elif Patel,ROOM-B,UNLOCK
2026-03-20T12:37:00Z,B1018,Elif Patel,ROOM-D,UNLOCK
2026-03-20T12:37:00Z,B1018,Elif Patel,ROOM-E,UNLOCK
2026-03-20T12:39:00Z,B1018,Elif Patel,ROOM-E,UNLOCK
2026-03-20T12:39:00Z,B1018,Elif Patel,ROOM-F,UNLOCK
2026-03-20T12:40:00Z,B1018,Elif Patel,ROOM-B,UNLOCK
2026-03-20T12:40:00Z,B1018,Elif Patel,ROOM-F,UNLOCK
2026-03-20T12:42:00Z,B1018,Elif Patel,ROOM-D,UNLOCK
2026-03-20T12:42:00Z,B1018,Elif Patel,ROOM-E,UNLOCK
2026-03-20T12:43:00Z,B1018,Elif Patel,ROOM-A,UNLOCK
2026-03-20T12:43:00Z,B1018,Elif Patel,ROOM-B,UNLOCK
2026-03-20T12:43:00Z,B1018,Elif Patel,ROOM-B,UNLOCK
2026-03-20T12:43:00Z,B1018,Elif Patel,ROOM-C,UNLOCK
2026-03-20T12:43:00Z,B1018,Elif Patel,ROOM-C,UNLOCK
2026-03-20T12:44:00Z,B1018,Elif Patel,ROOM-E,UNLOCK
2026-03-20T12:45:00Z,B1018,Elif Patel,ROOM-C,UNLOCK
2026-03-20T12:48:00Z,B1018,Elif Patel,ROOM-D,UNLOCK
2026-03-20T12:49:00Z,B1018,Elif Patel,ROOM-A,UNLOCK
2026-03-20T12:49:00Z,B1018,Elif Patel,ROOM-B,UNLOCK
2026-03-20T12:49:00Z,B1018,Elif Patel,ROOM-F,UNLOCK
2026-03-20T12:50:00Z,B1018,Elif Patel,ROOM-C,UNLOCK
2026-03-20T12:52:00Z,B1018,Elif Patel,ROOM-C,UNLOCK
2026-03-20T13:06:00Z,B1044,Elif Haddad,MAIN-ENTRANCE,IN (VISITOR)
2026-03-20T13:53:00Z,B1018,Elif Patel,MAIN-ENTRANCE,OUT
2026-03-20T13:55:00Z,B1044,Elif Haddad,ROOM-E,UNLOCK
2026-03-20T14:05:00Z,B1023,Ivan Rivera,MAIN-ENTRANCE,IN
2026-03-20T14:08:00Z,B1039,Owen Ferreira,MAIN-ENTRANCE,OUT
2026-03-20T14:10:00Z,B1039,Owen Ferreira,ROOM-B,UNLOCK
2026-03-20T14:19:00Z,B1002,Sofia Larsen,MAIN-ENTRANCE,OUT
2026-03-20T14:34:00Z,B1044,Elif Haddad,ROOM-A,UNLOCK
2026-03-20T16:10:00Z,B1044,Elif Haddad,MAIN-ENTRANCE,OUT (VISITOR)
2026-03-20T20:08:00Z,B1023,Ivan Rivera,ROOM-A,UNLOCK
2026-03-20T20:08:00Z,B1023,Ivan Rivera,ROOM-C,UNLOCK
2026-03-20T20:14:00Z,B1023,Ivan Rivera,ROOM-D,UNLOCK
2026-03-20T20:15:00Z,B1023,Ivan Rivera,ROOM-D,UNLOCK
2026-03-20T22:00:00Z,B1032,Lena Rivera,MAIN-ENTRANCE,IN
2026-03-20T22:08:00Z,B1008,Lena Okafor,MAIN-ENTRANCE,IN
2026-03-20T22:14:00Z,B1023,Ivan Rivera,MAIN-ENTRANCE,OUT
2026-03-21T01:03:00Z,B1008,Lena Okafor,ROOM-C,UNLOCK
2026-03-21T02:15:00Z,B1008,Lena Okafor,ROOM-F,UNLOCK
2026-03-21T05:57:00Z,B1032,Lena Rivera,MAIN-ENTRANCE,OUT
2026-03-21T06:00:00Z,B1002,Sofia Larsen,MAIN-ENTRANCE,IN
2026-03-21T06:03:00Z,B1018,Elif Patel,MAIN-ENTRANCE,IN
2026-03-21T06:04:00Z,B1039,Owen Ferreira,MAIN-ENTRANCE,IN
2026-03-21T06:18:00Z,B1008,Lena Okafor,MAIN-ENTRANCE,OUT
2026-03-21T09:15:00Z,B1018,Elif Patel,ROOM-A,UNLOCK
2026-03-21T09:16:00Z,B1018,Elif Patel,ROOM-C,UNLOCK
2026-03-21T09:16:00Z,B1018,Elif Patel,ROOM-D,UNLOCK
2026-03-21T09:19:00Z,B1018,Elif Patel,ROOM-D,UNLOCK
2026-03-21T09:21:00Z,B1018,Elif Patel,ROOM-F,UNLOCK
2026-03-21T09:22:00Z,B1018,Elif Patel,ROOM-B,UNLOCK
2026-03-21T13:57:00Z,B1018,Elif Patel,MAIN-ENTRANCE,OUT
2026-03-21T14:06:00Z,B1039,Owen Ferreira,MAIN-ENTRANCE,OUT
2026-03-21T14:12:00Z,B1023,Ivan Rivera,MAIN-ENTRANCE,IN
2026-03-21T14:23:00Z,B1002,Sofia Larsen,MAIN-ENTRANCE,OUT
2026-03-21T18:54:00Z,B1023,Ivan Rivera,ROOM-A,UNLOCK
2026-03-21T18:55:00Z,B1023,Ivan Rivera,ROOM-B,UNLOCK
2026-03-21T18:55:00Z,B1023,Ivan Rivera,ROOM-C,UNLOCK
2026-03-21T18:57:00Z,B1023,Ivan Rivera,ROOM-F,UNLOCK
2026-03-21T18:59:00Z,B1023,Ivan Rivera,ROOM-F,UNLOCK
2026-03-21T19:01:00Z,B1023,Ivan Rivera,ROOM-F,UNLOCK
2026-03-21T19:02:00Z,B1023,Ivan Rivera,ROOM-B,UNLOCK
2026-03-21T19:04:00Z,B1023,Ivan Rivera,ROOM-E,UNLOCK
2026-03-21T21:58:00Z,B1032,Lena Rivera,MAIN-ENTRANCE,IN
2026-03-21T22:12:00Z,B1008,Lena Okafor,MAIN-ENTRANCE,IN
2026-03-21T22:21:00Z,B1023,Ivan Rivera,MAIN-ENTRANCE,OUT
2026-03-21T23:27:00Z,B1008,Lena Okafor,ROOM-E,UNLOCK
2026-03-21T23:33:00Z,B1008,Lena Okafor,ROOM-B,UNLOCK
2026-03-22T06:05:00Z,B1018,Elif Patel,MAIN-ENTRANCE,IN
2026-03-22T06:07:00Z,B1032,Lena Rivera,MAIN-ENTRANCE,OUT
2026-03-22T06:36:00Z,B1008,Lena Okafor,MAIN-ENTRANCE,OUT
2026-03-22T09:16:00Z,B1039,Owen Ferreira,ROOM-C,UNLOCK
2026-03-22T14:06:00Z,B1023,Ivan Rivera,MAIN-ENTRANCE,IN
2026-03-22T14:16:00Z,B1018,Elif Patel,MAIN-ENTRANCE,OUT
2026-03-22T14:24:00Z,B1039,Owen Ferreira,ROOM-C,UNLOCK
2026-03-22T18:49:00Z,B1023,Ivan Rivera,ROOM-B,UNLOCK
2026-03-22T18:49:00Z,B1023,Ivan Rivera,ROOM-C,UNLOCK
2026-03-22T18:54:00Z,B1023,Ivan Rivera,ROOM-F,UNLOCK
2026-03-22T18:55:00Z,B1023,Ivan Rivera,ROOM-A,UNLOCK
2026-03-22T22:08:00Z,B1008,Lena Okafor,MAIN-ENTRANCE,IN
2026-03-22T22:12:00Z,B1032,Lena Rivera,MAIN-ENTRANCE,IN
2026-03-22T22:16:00Z,B1023,Ivan Rivera,MAIN-ENTRANCE,OUT
2026-03-22T23:28:00Z,B1008,Lena Okafor,ROOM-D,UNLOCK
2026-03-23T04:08:00Z,B1008,Lena Okafor,ROOM-A,UNLOCK
2026-03-23T05:58:00Z,B1002,Sofia Larsen,MAIN-ENTRANCE,IN
2026-03-23T06:08:00Z,B1018,Elif Patel,MAIN-ENTRANCE,IN
2026-03-23T06:12:00Z,B1039,Owen Ferreira,MAIN-ENTRANCE,IN
2026-03-23T06:15:00Z,B1008,Lena Okafor,MAIN-ENTRANCE,OUT
2026-03-23T06:33:00Z,B1032,Lena Rivera,MAIN-ENTRANCE,OUT
2026-03-23T07:43:00Z,B1039,Owen Ferreira,ROOM-B,UNLOCK
2026-03-23T07:52:00Z,B1039,Owen Ferreira,ROOM-C,UNLOCK
2026-03-23T07:56:00Z,B1039,Owen Ferreira,ROOM-E,UNLOCK
2026-03-23T08:48:00Z,B1018,Elif Patel,ROOM-B,UNLOCK
2026-03-23T08:48:00Z,B1018,Elif Patel,ROOM-B,UNLOCK
2026-03-23T08:48:00Z,B1018,Elif Patel,ROOM-C,UNLOCK
2026-03-23T08:50:00Z,B1018,Elif Patel,ROOM-A,UNLOCK
2026-03-23T08:50:00Z,B1018,Elif Patel,ROOM-F,UNLOCK
2026-03-23T08:54:00Z,B1018,Elif Patel,ROOM-C,UNLOCK
2026-03-23T08:54:00Z,B1018,Elif Patel,ROOM-F,UNLOCK
2026-03-23T08:55:00Z,B1002,Sofia Larsen,ROOM-A,UNLOCK
2026-03-23T08:55:00Z,B1018,Elif Patel,ROOM-A,UNLOCK
2026-03-23T08:56:00Z,B1018,Elif Patel,ROOM-A,UNLOCK
2026-03-23T08:56:00Z,B1018,Elif Patel,ROOM-D,UNLOCK
2026-03-23T09:03:00Z,B1002,Sofia Larsen,ROOM-B,UNLOCK
2026-03-23T09:13:00Z,B1002,Sofia Larsen,ROOM-C,UNLOCK
2026-03-23T09:22:00Z,B1002,Sofia Larsen,ROOM-E,UNLOCK
2026-03-23T09:41:00Z,B1039,Owen Ferreira,ROOM-B,UNLOCK
2026-03-23T10:47:00Z,B1018,Elif Patel,ROOM-D,UNLOCK
2026-03-23T10:48:00Z,B1018,Elif Patel,ROOM-C,UNLOCK
2026-03-23T10:48:00Z,B1018,Elif Patel,ROOM-E,UNLOCK
2026-03-23T10:52:00Z,B1018,Elif Patel,ROOM-F,UNLOCK
2026-03-23T10:54:00Z,B1018,Elif Patel,ROOM-C,UNLOCK
2026-03-23T10:54:00Z,B1018,Elif Patel,ROOM-E,UNLOCK
2026-03-23T12:24:00Z,B1018,Elif Patel,ROOM-A,UNLOCK
2026-03-23T12:24:00Z,B1018,Elif Patel,ROOM-A,UNLOCK
2026-03-23T12:24:00Z,B1018,Elif Patel,ROOM-A,UNLOCK
2026-03-23T12:26:00Z,B1018,Elif Patel,ROOM-D,UNLOCK
2026-03-23T12:28:00Z,B1018,Elif Patel,ROOM-F,UNLOCK
2026-03-23T12:29:00Z,B1018,Elif Patel,ROOM-D,UNLOCK
2026-03-23T12:30:00Z,B1018,Elif Patel,ROOM-B,UNLOCK
2026-03-23T12:31:00Z,B1018,Elif Patel,ROOM-E,UNLOCK
2026-03-23T13:20:00Z,B1018,Elif Patel,ROOM-C,UNLOCK
2026-03-23T13:20:00Z,B1018,Elif Patel,ROOM-C,UNLOCK
2026-03-23T13:23:00Z,B1018,Elif Patel,ROOM-F,UNLOCK
2026-03-23T13:26:00Z,B1018,Elif Patel,ROOM-E,UNLOCK
2026-03-23T13:32:00Z,B1039,Owen Ferreira,ROOM-B,UNLOCK
2026-03-23T13:32:00Z,B1039,Owen Ferreira,ROOM-C,UNLOCK
2026-03-23T13:58:00Z,B1002,Sofia Larsen,MAIN-ENTRANCE,OUT
2026-03-23T14:00:00Z,B1023,Ivan Rivera,MAIN-ENTRANCE,IN
2026-03-23T14:07:00Z,B1018,Elif Patel,MAIN-ENTRANCE,OUT
2026-03-23T14:10:00Z,B1039,Owen Ferreira,MAIN-ENTRANCE,OUT
2026-03-23T14:35:00Z,B1039,Owen Ferreira,ROOM-C,UNLOCK
2026-03-23T15:56:00Z,B1039,Owen Ferreira,ROOM-B,UNLOCK
2026-03-23T16:43:00Z,B1023,Ivan Rivera,ROOM-B,UNLOCK
2026-03-23T16:43:00Z,B1023,Ivan Rivera,ROOM-E,UNLOCK
2026-03-23T16:43:00Z,B1023,Ivan Rivera,ROOM-F,UNLOCK
2026-03-23T16:48:00Z,B1023,Ivan Rivera,ROOM-C,UNLOCK
2026-03-23T16:49:00Z,B1023,Ivan Rivera,ROOM-B,UNLOCK
2026-03-23T16:49:00Z,B1023,Ivan Rivera,ROOM-C,UNLOCK
2026-03-23T16:54:00Z,B1023,Ivan Rivera,ROOM-C,UNLOCK
2026-03-23T16:54:00Z,B1023,Ivan Rivera,ROOM-D,UNLOCK
2026-03-23T16:55:00Z,B1023,Ivan Rivera,ROOM-B,UNLOCK
2026-03-23T16:58:00Z,B1023,Ivan Rivera,ROOM-B,UNLOCK
2026-03-23T16:59:00Z,B1023,Ivan Rivera,ROOM-C,UNLOCK
2026-03-23T17:00:00Z,B1023,Ivan Rivera,ROOM-B,UNLOCK
2026-03-23T21:57:00Z,B1008,Lena Okafor,MAIN-ENTRANCE,IN
2026-03-23T22:07:00Z,B1032,Lena Rivera,MAIN-ENTRANCE,IN
2026-03-23T22:17:00Z,B1023,Ivan Rivera,MAIN-ENTRANCE,OUT
2026-03-23T23:53:00Z,B1008,Lena Okafor,ROOM-C,UNLOCK
2026-03-24T00:55:00Z,B1008,Lena Okafor,ROOM-B,UNLOCK
2026-03-24T06:01:00Z,B1002,Sofia Larsen,MAIN-ENTRANCE,IN
2026-03-24T06:01:00Z,B1008,Lena Okafor,MAIN-ENTRANCE,OUT
2026-03-24T06:10:00Z,B1039,Owen Ferreira,MAIN-ENTRANCE,IN
2026-03-24T06:11:00Z,B1018,Elif Patel,MAIN-ENTRANCE,IN
2026-03-24T06:12:00Z,B1032,Lena Rivera,MAIN-ENTRANCE,OUT
2026-03-24T08:01:00Z,B1039,Owen Ferreira,ROOM-B,UNLOCK
2026-03-24T08:17:00Z,B1002,Sofia Larsen,ROOM-A,UNLOCK
2026-03-24T08:28:00Z,B1002,Sofia Larsen,ROOM-B,UNLOCK
2026-03-24T08:34:00Z,B1002,Sofia Larsen,ROOM-C,UNLOCK
2026-03-24T08:46:00Z,B1002,Sofia Larsen,ROOM-E,UNLOCK
2026-03-24T09:25:00Z,B1039,Owen Ferreira,ROOM-C,UNLOCK
2026-03-24T09:36:00Z,B1039,Owen Ferreira,ROOM-A,UNLOCK
2026-03-24T09:43:00Z,B1039,Owen Ferreira,ROOM-E,UNLOCK
2026-03-24T11:09:00Z,B1018,Elif Patel,ROOM-B,UNLOCK
2026-03-24T11:10:00Z,B1018,Elif Patel,ROOM-D,UNLOCK
2026-03-24T11:10:00Z,B1018,Elif Patel,ROOM-D,UNLOCK
2026-03-24T11:12:00Z,B1018,Elif Patel,ROOM-A,UNLOCK
2026-03-24T11:12:00Z,B1018,Elif Patel,ROOM-B,UNLOCK
2026-03-24T11:13:00Z,B1018,Elif Patel,ROOM-A,UNLOCK
2026-03-24T11:13:00Z,B1018,Elif Patel,ROOM-F,UNLOCK
2026-03-24T11:14:00Z,B1018,Elif Patel,ROOM-A,UNLOCK
2026-03-24T11:16:00Z,B1018,Elif Patel,ROOM-D,UNLOCK
2026-03-24T11:17:00Z,B1018,Elif Patel,ROOM-E,UNLOCK
2026-03-24T11:19:00Z,B1018,Elif Patel,ROOM-A,UNLOCK
2026-03-24T11:20:00Z,B1018,Elif Patel,ROOM-F,UNLOCK
2026-03-24T11:40:00Z,B1039,Owen Ferreira,ROOM-C,UNLOCK
2026-03-24T13:06:00Z,B1018,Elif Patel,ROOM-D,UNLOCK
2026-03-24T13:07:00Z,B1018,Elif Patel,ROOM-B,UNLOCK
2026-03-24T13:07:00Z,B1018,Elif Patel,ROOM-B,UNLOCK
2026-03-24T13:07:00Z,B1018,Elif Patel,ROOM-E,UNLOCK
2026-03-24T13:11:00Z,B1018,Elif Patel,ROOM-F,UNLOCK
2026-03-24T13:12:00Z,B1018,Elif Patel,ROOM-C,UNLOCK
2026-03-24T13:14:00Z,B1018,Elif Patel,ROOM-B,UNLOCK
2026-03-24T13:14:00Z,B1018,Elif Patel,ROOM-F,UNLOCK
2026-03-24T14:07:00Z,B1023,Ivan Rivera,MAIN-ENTRANCE,IN
2026-03-24T14:10:00Z,B1002,Sofia Larsen,MAIN-ENTRANCE,OUT
2026-03-24T14:21:00Z,B1039,Owen Ferreira,MAIN-ENTRANCE,OUT
2026-03-24T14:29:00Z,B1018,Elif Patel,MAIN-ENTRANCE,OUT
2026-03-24T14:46:00Z,B1039,Owen Ferreira,ROOM-B,UNLOCK
2026-03-24T15:45:00Z,B1023,Ivan Rivera,ROOM-A,UNLOCK
2026-03-24T15:45:00Z,B1023,Ivan Rivera,ROOM-C,UNLOCK
2026-03-24T15:46:00Z,B1023,Ivan Rivera,ROOM-A,UNLOCK
2026-03-24T15:46:00Z,B1023,Ivan Rivera,ROOM-F,UNLOCK
2026-03-24T15:48:00Z,B1023,Ivan Rivera,ROOM-D,UNLOCK
2026-03-24T15:50:00Z,B1023,Ivan Rivera,ROOM-A,UNLOCK
2026-03-24T15:51:00Z,B1023,Ivan Rivera,ROOM-F,UNLOCK
2026-03-24T15:52:00Z,B1023,Ivan Rivera,ROOM-E,UNLOCK
2026-03-24T17:01:00Z,B1023,Ivan Rivera,ROOM-A,UNLOCK
2026-03-24T17:01:00Z,B1023,Ivan Rivera,ROOM-E,UNLOCK
2026-03-24T17:02:00Z,B1023,Ivan Rivera,ROOM-F,UNLOCK
2026-03-24T17:03:00Z,B1023,Ivan Rivera,ROOM-A,UNLOCK
2026-03-24T17:03:00Z,B1023,Ivan Rivera,ROOM-C,UNLOCK
2026-03-24T17:04:00Z,B1023,Ivan Rivera,ROOM-F,UNLOCK
2026-03-24T17:05:00Z,B1023,Ivan Rivera,ROOM-F,UNLOCK
2026-03-24T17:07:00Z,B1023,Ivan Rivera,ROOM-A,UNLOCK
2026-03-24T17:07:00Z,B1023,Ivan Rivera,ROOM-B,UNLOCK
2026-03-24T17:08:00Z,B1023,Ivan Rivera,ROOM-F,UNLOCK
2026-03-24T17:10:00Z,B1023,Ivan Rivera,ROOM-A,UNLOCK
2026-03-24T17:10:00Z,B1023,Ivan Rivera,ROOM-C,UNLOCK
2026-03-24T17:30:00Z,B1023,Ivan Rivera,ROOM-F,UNLOCK
2026-03-24T17:31:00Z,B1023,Ivan Rivera,ROOM-C,UNLOCK
2026-03-24T17:31:00Z,B1023,Ivan Rivera,ROOM-C,UNLOCK
2026-03-24T17:34:00Z,B1023,Ivan Rivera,ROOM-C,UNLOCK
2026-03-24T17:37:00Z,B1023,Ivan Rivera,ROOM-D,UNLOCK
2026-03-24T17:37:00Z,B1023,Ivan Rivera,ROOM-E,UNLOCK
2026-03-24T22:04:00Z,B1032,Lena Rivera,MAIN-ENTRANCE,IN
2026-03-24T22:06:00Z,B1008,Lena Okafor,MAIN-ENTRANCE,IN
2026-03-24T22:21:00Z,B1023,Ivan Rivera,MAIN-ENTRANCE,OUT
2026-03-25T00:57:00Z,B1008,Lena Okafor,ROOM-D,UNLOCK
2026-03-25T03:30:00Z,B1008,Lena Okafor,ROOM-F,UNLOCK
2026-03-25T05:56:00Z,B1008,Lena Okafor,MAIN-ENTRANCE,OUT
2026-03-25T06:01:00Z,B1018,Elif Patel,MAIN-ENTRANCE,IN
2026-03-25T06:06:00Z,B1039,Owen Ferreira,MAIN-ENTRANCE,IN
2026-03-25T06:08:00Z,B1002,Sofia Larsen,MAIN-ENTRANCE,IN
2026-03-25T06:20:00Z,B1032,Lena Rivera,MAIN-ENTRANCE,OUT
2026-03-25T07:58:00Z,B1018,Elif Patel,ROOM-D,UNLOCK
2026-03-25T07:58:00Z,B1018,Elif Patel,ROOM-E,UNLOCK
2026-03-25T07:59:00Z,B1018,Elif Patel,ROOM-A,UNLOCK
2026-03-25T07:59:00Z,B1018,Elif Patel,ROOM-B,UNLOCK
2026-03-25T08:01:00Z,B1018,Elif Patel,ROOM-C,UNLOCK
2026-03-25T08:02:00Z,B1018,Elif Patel,ROOM-C,UNLOCK
2026-03-25T08:03:00Z,B1018,Elif Patel,ROOM-D,UNLOCK
2026-03-25T08:04:00Z,B1018,Elif Patel,ROOM-A,UNLOCK
2026-03-25T08:04:00Z,B1018,Elif Patel,ROOM-C,UNLOCK
2026-03-25T08:07:00Z,B1018,Elif Patel,ROOM-B,UNLOCK
2026-03-25T09:13:00Z,B1018,Elif Patel,ROOM-C,UNLOCK
2026-03-25T09:13:00Z,B1018,Elif Patel,ROOM-D,UNLOCK
2026-03-25T09:14:00Z,B1018,Elif Patel,ROOM-E,UNLOCK
2026-03-25T09:14:00Z,B1018,Elif Patel,ROOM-E,UNLOCK
2026-03-25T09:15:00Z,B1018,Elif Patel,ROOM-A,UNLOCK
2026-03-25T09:16:00Z,B1018,Elif Patel,ROOM-B,UNLOCK
2026-03-25T09:18:00Z,B1018,Elif Patel,ROOM-E,UNLOCK
2026-03-25T09:19:00Z,B1018,Elif Patel,ROOM-F,UNLOCK
2026-03-25T09:20:00Z,B1018,Elif Patel,ROOM-D,UNLOCK
2026-03-25T09:21:00Z,B1018,Elif Patel,ROOM-A,UNLOCK
2026-03-25T09:21:00Z,B1018,Elif Patel,ROOM-C,UNLOCK
2026-03-25T09:21:00Z,B1039,Owen Ferreira,ROOM-C,UNLOCK
2026-03-25T09:23:00Z,B1018,Elif Patel,ROOM-B,UNLOCK
2026-03-25T09:39:00Z,B1039,Owen Ferreira,ROOM-B,UNLOCK
2026-03-25T09:49:00Z,B1039,Owen Ferreira,ROOM-A,UNLOCK
2026-03-25T09:55:00Z,B1039,Owen Ferreira,ROOM-C,UNLOCK
2026-03-25T10:24:00Z,B1039,Owen Ferreira,ROOM-C,UNLOCK
2026-03-25T10:55:00Z,B1002,Sofia Larsen,ROOM-A,UNLOCK
2026-03-25T11:08:00Z,B1002,Sofia Larsen,ROOM-B,UNLOCK
2026-03-25T11:15:00Z,B1002,Sofia Larsen,ROOM-C,UNLOCK
2026-03-25T11:19:00Z,B1002,Sofia Larsen,ROOM-E,UNLOCK
2026-03-25T13:54:00Z,B1018,Elif Patel,MAIN-ENTRANCE,OUT
2026-03-25T14:03:00Z,B1023,Ivan Rivera,MAIN-ENTRANCE,IN
2026-03-25T14:14:00Z,B1039,Owen Ferreira,MAIN-ENTRANCE,OUT
2026-03-25T14:29:00Z,B1002,Sofia Larsen,MAIN-ENTRANCE,OUT
2026-03-25T14:44:00Z,B1023,Ivan Rivera,ROOM-A,UNLOCK
2026-03-25T14:44:00Z,B1023,Ivan Rivera,ROOM-E,UNLOCK
2026-03-25T14:44:00Z,B1023,Ivan Rivera,ROOM-F,UNLOCK
2026-03-25T14:49:00Z,B1023,Ivan Rivera,ROOM-C,UNLOCK
2026-03-25T14:49:00Z,B1023,Ivan Rivera,ROOM-F,UNLOCK
2026-03-25T14:52:00Z,B1023,Ivan Rivera,ROOM-A,UNLOCK
2026-03-25T15:13:00Z,B1039,Owen Ferreira,ROOM-C,UNLOCK
2026-03-25T21:16:00Z,B1023,Ivan Rivera,ROOM-B,UNLOCK
2026-03-25T21:16:00Z,B1023,Ivan Rivera,ROOM-E,UNLOCK
2026-03-25T21:17:00Z,B1023,Ivan Rivera,ROOM-C,UNLOCK
2026-03-25T21:18:00Z,B1023,Ivan Rivera,ROOM-B,UNLOCK
2026-03-25T21:18:00Z,B1023,Ivan Rivera,ROOM-E,UNLOCK
2026-03-25T21:18:00Z,B1023,Ivan Rivera,ROOM-F,UNLOCK
2026-03-25T21:19:00Z,B1023,Ivan Rivera,ROOM-A,UNLOCK
2026-03-25T21:19:00Z,B1023,Ivan Rivera,ROOM-E,UNLOCK
2026-03-25T21:19:00Z,B1023,Ivan Rivera,ROOM-F,UNLOCK
2026-03-25T21:20:00Z,B1023,Ivan Rivera,ROOM-A,UNLOCK
2026-03-25T21:20:00Z,B1023,Ivan Rivera,ROOM-B,UNLOCK
2026-03-25T21:21:00Z,B1023,Ivan Rivera,ROOM-F,UNLOCK
2026-03-25T21:22:00Z,B1023,Ivan Rivera,ROOM-C,UNLOCK
2026-03-25T21:23:00Z,B1023,Ivan Rivera,ROOM-A,UNLOCK
2026-03-25T21:23:00Z,B1023,Ivan Rivera,ROOM-C,UNLOCK
2026-03-25T21:24:00Z,B1023,Ivan Rivera,ROOM-B,UNLOCK
2026-03-25T21:24:00Z,B1023,Ivan Rivera,ROOM-F,UNLOCK
2026-03-25T21:25:00Z,B1023,Ivan Rivera,ROOM-A,UNLOCK
2026-03-25T21:25:00Z,B1023,Ivan Rivera,ROOM-E,UNLOCK
2026-03-25T21:25:00Z,B1023,Ivan Rivera,ROOM-E,UNLOCK
2026-03-25T21:26:00Z,B1023,Ivan Rivera,ROOM-A,UNLOCK
2026-03-25T21:28:00Z,B1023,Ivan Rivera,ROOM-C,UNLOCK
2026-03-25T22:00:00Z,B1008,Lena Okafor,MAIN-ENTRANCE,IN
2026-03-25T22:14:00Z,B1032,Lena Rivera,MAIN-ENTRANCE,IN
2026-03-25T22:24:00Z,B1023,Ivan Rivera,MAIN-ENTRANCE,OUT
2026-03-25T23:09:00Z,B1008,Lena Okafor,ROOM-A,UNLOCK
2026-03-26T02:20:00Z,B1008,Lena Okafor,ROOM-F,UNLOCK
2026-03-26T06:07:00Z,B1002,Sofia Larsen,MAIN-ENTRANCE,IN
2026-03-26T06:12:00Z,B1018,Elif Patel,MAIN-ENTRANCE,IN
2026-03-26T06:13:00Z,B1039,Owen Ferreira,MAIN-ENTRANCE,IN
2026-03-26T06:22:00Z,B1008,Lena Okafor,MAIN-ENTRANCE,OUT
2026-03-26T06:29:00Z,B1032,Lena Rivera,MAIN-ENTRANCE,OUT
2026-03-26T06:55:00Z,B1018,Elif Patel,ROOM-D,UNLOCK
2026-03-26T06:55:00Z,B1018,Elif Patel,ROOM-F,UNLOCK
2026-03-26T06:56:00Z,B1018,Elif Patel,ROOM-C,UNLOCK
2026-03-26T06:56:00Z,B1018,Elif Patel,ROOM-C,UNLOCK
2026-03-26T06:59:00Z,B1018,Elif Patel,ROOM-C,UNLOCK
2026-03-26T06:59:00Z,B1018,Elif Patel,ROOM-D,UNLOCK
2026-03-26T07:02:00Z,B1018,Elif Patel,ROOM-F,UNLOCK
2026-03-26T07:04:00Z,B1018,Elif Patel,ROOM-A,UNLOCK
2026-03-26T07:23:00Z,B1018,Elif Patel,ROOM-F,UNLOCK
2026-03-26T07:23:00Z,B1018,Elif Patel,ROOM-F,UNLOCK
2026-03-26T07:24:00Z,B1018,Elif Patel,ROOM-B,UNLOCK
2026-03-26T07:24:00Z,B1018,Elif Patel,ROOM-E,UNLOCK
2026-03-26T07:25:00Z,B1018,Elif Patel,ROOM-E,UNLOCK
2026-03-26T07:25:00Z,B1018,Elif Patel,ROOM-F,UNLOCK
2026-03-26T07:27:00Z,B1018,Elif Patel,ROOM-C,UNLOCK
2026-03-26T07:28:00Z,B1018,Elif Patel,ROOM-B,UNLOCK
2026-03-26T07:30:00Z,B1018,Elif Patel,ROOM-B,UNLOCK
2026-03-26T07:30:00Z,B1018,Elif Patel,ROOM-C,UNLOCK
2026-03-26T07:31:00Z,B1018,Elif Patel,ROOM-A,UNLOCK
2026-03-26T07:31:00Z,B1018,Elif Patel,ROOM-F,UNLOCK
2026-03-26T08:51:00Z,B1018,Elif Patel,ROOM-B,UNLOCK
2026-03-26T08:52:00Z,B1018,Elif Patel,ROOM-C,UNLOCK
2026-03-26T08:52:00Z,B1018,Elif Patel,ROOM-C,UNLOCK
2026-03-26T08:52:00Z,B1018,Elif Patel,ROOM-E,UNLOCK
2026-03-26T08:53:00Z,B1018,Elif Patel,ROOM-B,UNLOCK
2026-03-26T08:57:00Z,B1018,Elif Patel,ROOM-D,UNLOCK
2026-03-26T08:58:00Z,B1018,Elif Patel,ROOM-D,UNLOCK
2026-03-26T08:58:00Z,B1018,Elif Patel,ROOM-E,UNLOCK
2026-03-26T08:59:00Z,B1018,Elif Patel,ROOM-F,UNLOCK
2026-03-26T09:01:00Z,B1018,Elif Patel,ROOM-C,UNLOCK
2026-03-26T10:10:00Z,B1039,Owen Ferreira,ROOM-E,UNLOCK
2026-03-26T10:20:00Z,B1039,Owen Ferreira,ROOM-C,UNLOCK
2026-03-26T10:33:00Z,B1039,Owen Ferreira,ROOM-A,UNLOCK
2026-03-26T10:46:00Z,B1039,Owen Ferreira,ROOM-B,UNLOCK
2026-03-26T12:04:00Z,B1002,Sofia Larsen,ROOM-A,UNLOCK
2026-03-26T12:11:00Z,B1002,Sofia Larsen,ROOM-B,UNLOCK
2026-03-26T12:21:00Z,B1002,Sofia Larsen,ROOM-C,UNLOCK
2026-03-26T12:30:00Z,B1002,Sofia Larsen,ROOM-E,UNLOCK
2026-03-26T13:49:00Z,B1039,Owen Ferreira,ROOM-C,UNLOCK
2026-03-26T14:02:00Z,B1018,Elif Patel,MAIN-ENTRANCE,OUT
2026-03-26T14:04:00Z,B1023,Ivan Rivera,MAIN-ENTRANCE,IN
2026-03-26T14:08:00Z,B1002,Sofia Larsen,MAIN-ENTRANCE,OUT
2026-03-26T14:15:00Z,B1039,Owen Ferreira,MAIN-ENTRANCE,OUT
2026-03-26T16:38:00Z,B1023,Ivan Rivera,ROOM-A,UNLOCK
2026-03-26T16:38:00Z,B1023,Ivan Rivera,ROOM-E,UNLOCK
2026-03-26T16:38:00Z,B1023,Ivan Rivera,ROOM-F,UNLOCK
2026-03-26T16:38:00Z,B1023,Ivan Rivera,ROOM-F,UNLOCK
2026-03-26T16:39:00Z,B1023,Ivan Rivera,ROOM-F,UNLOCK
2026-03-26T16:42:00Z,B1023,Ivan Rivera,ROOM-B,UNLOCK
2026-03-26T16:42:00Z,B1023,Ivan Rivera,ROOM-B,UNLOCK
2026-03-26T16:42:00Z,B1023,Ivan Rivera,ROOM-F,UNLOCK
2026-03-26T16:45:00Z,B1023,Ivan Rivera,ROOM-F,UNLOCK
2026-03-26T16:47:00Z,B1023,Ivan Rivera,ROOM-C,UNLOCK
2026-03-26T18:55:00Z,B1023,Ivan Rivera,ROOM-A,UNLOCK
2026-03-26T18:55:00Z,B1023,Ivan Rivera,ROOM-F,UNLOCK
2026-03-26T19:02:00Z,B1023,Ivan Rivera,ROOM-E,UNLOCK
2026-03-26T19:03:00Z,B1023,Ivan Rivera,ROOM-B,UNLOCK
2026-03-26T22:02:00Z,B1032,Lena Rivera,MAIN-ENTRANCE,IN
2026-03-26T22:04:00Z,B1008,Lena Okafor,MAIN-ENTRANCE,IN
2026-03-26T22:24:00Z,B1023,Ivan Rivera,MAIN-ENTRANCE,OUT
2026-03-26T23:52:00Z,B1008,Lena Okafor,ROOM-E,UNLOCK
2026-03-27T02:54:00Z,B1008,Lena Okafor,ROOM-F,UNLOCK
2026-03-27T06:03:00Z,B1002,Sofia Larsen,MAIN-ENTRANCE,IN
2026-03-27T06:07:00Z,B1008,Lena Okafor,MAIN-ENTRANCE,OUT
2026-03-27T06:07:00Z,B1018,Elif Patel,MAIN-ENTRANCE,IN
2026-03-27T06:13:00Z,B1039,Owen Ferreira,MAIN-ENTRANCE,IN
2026-03-27T06:23:00Z,B1032,Lena Rivera,MAIN-ENTRANCE,OUT
2026-03-27T07:11:00Z,B1039,Owen Ferreira,ROOM-B,UNLOCK
2026-03-27T07:31:00Z,B1002,Sofia Larsen,ROOM-A,UNLOCK
2026-03-27T07:40:00Z,B1002,Sofia Larsen,ROOM-B,UNLOCK
2026-03-27T07:46:00Z,B1002,Sofia Larsen,ROOM-C,UNLOCK
2026-03-27T07:53:00Z,B1002,Sofia Larsen,ROOM-E,UNLOCK
2026-03-27T07:58:00Z,B1018,Elif Patel,ROOM-C,UNLOCK
2026-03-27T07:58:00Z,B1018,Elif Patel,ROOM-E,UNLOCK
2026-03-27T07:59:00Z,B1018,Elif Patel,ROOM-E,UNLOCK
2026-03-27T08:01:00Z,B1018,Elif Patel,ROOM-B,UNLOCK
2026-03-27T08:01:00Z,B1018,Elif Patel,ROOM-C,UNLOCK
2026-03-27T08:01:00Z,B1018,Elif Patel,ROOM-D,UNLOCK
2026-03-27T08:02:00Z,B1018,Elif Patel,ROOM-E,UNLOCK
2026-03-27T08:03:00Z,B1018,Elif Patel,ROOM-D,UNLOCK
2026-03-27T08:05:00Z,B1018,Elif Patel,ROOM-A,UNLOCK
2026-03-27T08:05:00Z,B1018,Elif Patel,ROOM-A,UNLOCK
2026-03-27T08:05:00Z,B1018,Elif Patel,ROOM-E,UNLOCK
2026-03-27T08:06:00Z,B1018,Elif Patel,ROOM-D,UNLOCK
2026-03-27T08:08:00Z,B1018,Elif Patel,ROOM-B,UNLOCK
2026-03-27T08:09:00Z,B1018,Elif Patel,ROOM-D,UNLOCK
2026-03-27T10:18:00Z,B1039,Owen Ferreira,ROOM-B,UNLOCK
2026-03-27T11:41:00Z,B1018,Elif Patel,ROOM-A,UNLOCK
2026-03-27T11:43:00Z,B1018,Elif Patel,ROOM-A,UNLOCK
2026-03-27T11:43:00Z,B1018,Elif Patel,ROOM-F,UNLOCK
2026-03-27T11:44:00Z,B1018,Elif Patel,ROOM-F,UNLOCK
2026-03-27T11:45:00Z,B1018,Elif Patel,ROOM-A,UNLOCK
2026-03-27T11:46:00Z,B1018,Elif Patel,ROOM-D,UNLOCK
2026-03-27T11:48:00Z,B1018,Elif Patel,ROOM-A,UNLOCK
2026-03-27T11:48:00Z,B1018,Elif Patel,ROOM-B,UNLOCK
2026-03-27T11:50:00Z,B1018,Elif Patel,ROOM-B,UNLOCK
2026-03-27T12:04:00Z,B1039,Owen Ferreira,ROOM-A,UNLOCK
2026-03-27T12:26:00Z,B1039,Owen Ferreira,ROOM-B,UNLOCK
2026-03-27T12:57:00Z,B1018,Elif Patel,ROOM-A,UNLOCK
2026-03-27T12:57:00Z,B1018,Elif Patel,ROOM-C,UNLOCK
2026-03-27T13:02:00Z,B1018,Elif Patel,ROOM-C,UNLOCK
2026-03-27T13:03:00Z,B1018,Elif Patel,ROOM-A,UNLOCK
2026-03-27T13:04:00Z,B1018,Elif Patel,ROOM-D,UNLOCK
2026-03-27T13:56:00Z,B1002,Sofia Larsen,MAIN-ENTRANCE,OUT
2026-03-27T14:10:00Z,B1023,Ivan Rivera,MAIN-ENTRANCE,IN
2026-03-27T14:21:00Z,B1039,Owen Ferreira,MAIN-ENTRANCE,OUT
2026-03-27T14:26:00Z,B1018,Elif Patel,MAIN-ENTRANCE,OUT
2026-03-27T15:07:00Z,B1039,Owen Ferreira,ROOM-C,UNLOCK
2026-03-27T20:31:00Z,B1023,Ivan Rivera,ROOM-A,UNLOCK
2026-03-27T20:31:00Z,B1023,Ivan Rivera,ROOM-F,UNLOCK
2026-03-27T20:35:00Z,B1023,Ivan Rivera,ROOM-A,UNLOCK
2026-03-27T20:37:00Z,B1023,Ivan Rivera,ROOM-B,UNLOCK
2026-03-27T20:37:00Z,B1023,Ivan Rivera,ROOM-B,UNLOCK
2026-03-27T20:37:00Z,B1023,Ivan Rivera,ROOM-C,UNLOCK
2026-03-27T20:37:00Z,B1023,Ivan Rivera,ROOM-D,UNLOCK
2026-03-27T20:38:00Z,B1023,Ivan Rivera,ROOM-A,UNLOCK
2026-03-27T20:38:00Z,B1023,Ivan Rivera,ROOM-D,UNLOCK
2026-03-27T20:40:00Z,B1023,Ivan Rivera,ROOM-F,UNLOCK
2026-03-27T20:41:00Z,B1023,Ivan Rivera,ROOM-D,UNLOCK
2026-03-27T20:41:00Z,B1023,Ivan Rivera,ROOM-F,UNLOCK
2026-03-27T20:43:00Z,B1023,Ivan Rivera,ROOM-D,UNLOCK
2026-03-27T20:43:00Z,B1023,Ivan Rivera,ROOM-F,UNLOCK
2026-03-27T20:46:00Z,B1023,Ivan Rivera,ROOM-D,UNLOCK
2026-03-27T22:03:00Z,B1008,Lena Okafor,MAIN-ENTRANCE,IN
2026-03-27T22:14:00Z,B1032,Lena Rivera,MAIN-ENTRANCE,IN
2026-03-27T22:16:00Z,B1023,Ivan Rivera,MAIN-ENTRANCE,OUT
2026-03-27T23:36:00Z,B1008,Lena Okafor,ROOM-D,UNLOCK
2026-03-28T03:31:00Z,B1008,Lena Okafor,ROOM-F,UNLOCK
2026-03-28T05:55:00Z,B1008,Lena Okafor,MAIN-ENTRANCE,OUT
2026-03-28T05:58:00Z,B1018,Elif Patel,MAIN-ENTRANCE,IN
2026-03-28T06:08:00Z,B1032,Lena Rivera,MAIN-ENTRANCE,OUT
2026-03-28T08:47:00Z,B1039,Owen Ferreira,ROOM-C,UNLOCK
2026-03-28T10:00:00Z,B1018,Elif Patel,ROOM-B,UNLOCK
2026-03-28T10:00:00Z,B1018,Elif Patel,ROOM-C,UNLOCK
2026-03-28T10:01:00Z,B1018,Elif Patel,ROOM-F,UNLOCK
2026-03-28T10:02:00Z,B1018,Elif Patel,ROOM-D,UNLOCK
2026-03-28T10:03:00Z,B1018,Elif Patel,ROOM-A,UNLOCK
2026-03-28T10:04:00Z,B1018,Elif Patel,ROOM-D,UNLOCK
2026-03-28T10:04:00Z,B1018,Elif Patel,ROOM-F,UNLOCK
2026-03-28T10:05:00Z,B1018,Elif Patel,ROOM-D,UNLOCK
2026-03-28T10:06:00Z,B1018,Elif Patel,ROOM-C,UNLOCK
2026-03-28T10:08:00Z,B1018,Elif Patel,ROOM-A,UNLOCK
2026-03-28T10:09:00Z,B1018,Elif Patel,ROOM-A,UNLOCK
2026-03-28T10:37:00Z,B1018,Elif Patel,ROOM-F,UNLOCK
2026-03-28T10:38:00Z,B1018,Elif Patel,ROOM-C,UNLOCK
2026-03-28T10:42:00Z,B1018,Elif Patel,ROOM-C,UNLOCK
2026-03-28T10:43:00Z,B1018,Elif Patel,ROOM-D,UNLOCK
2026-03-28T10:45:00Z,B1018,Elif Patel,ROOM-A,UNLOCK
2026-03-28T12:11:00Z,B1039,Owen Ferreira,ROOM-C,UNLOCK
2026-03-28T13:58:00Z,B1023,Ivan Rivera,MAIN-ENTRANCE,IN
2026-03-28T14:06:00Z,B1018,Elif Patel,MAIN-ENTRANCE,OUT
2026-03-28T21:34:00Z,B1023,Ivan Rivera,ROOM-B,UNLOCK
2026-03-28T21:34:00Z,B1023,Ivan Rivera,ROOM-F,UNLOCK
2026-03-28T21:35:00Z,B1023,Ivan Rivera,ROOM-F,UNLOCK
2026-03-28T21:40:00Z,B1023,Ivan Rivera,ROOM-A,UNLOCK
2026-03-28T21:40:00Z,B1023,Ivan Rivera,ROOM-C,UNLOCK
2026-03-28T21:40:00Z,B1023,Ivan Rivera,ROOM-F,UNLOCK
2026-03-28T21:42:00Z,B1023,Ivan Rivera,ROOM-F,UNLOCK
2026-03-28T22:02:00Z,B1032,Lena Rivera,MAIN-ENTRANCE,IN
2026-03-28T22:03:00Z,B1008,Lena Okafor,MAIN-ENTRANCE,IN
2026-03-28T22:10:00Z,B1023,Ivan Rivera,MAIN-ENTRANCE,OUT
2026-03-28T23:18:00Z,B1008,Lena Okafor,ROOM-A,UNLOCK
2026-03-29T03:12:00Z,B1008,Lena Okafor,ROOM-B,UNLOCK
2026-03-29T06:02:00Z,B1008,Lena Okafor,MAIN-ENTRANCE,OUT
2026-03-29T06:10:00Z,B1018,Elif Patel,MAIN-ENTRANCE,IN
2026-03-29T06:21:00Z,B1032,Lena Rivera,MAIN-ENTRANCE,OUT
2026-03-29T06:50:00Z,B1018,Elif Patel,ROOM-F,UNLOCK
2026-03-29T06:51:00Z,B1018,Elif Patel,ROOM-A,UNLOCK
2026-03-29T06:51:00Z,B1018,Elif Patel,ROOM-A,UNLOCK
2026-03-29T06:52:00Z,B1018,Elif Patel,ROOM-F,UNLOCK
2026-03-29T06:55:00Z,B1018,Elif Patel,ROOM-A,UNLOCK
2026-03-29T06:58:00Z,B1018,Elif Patel,ROOM-C,UNLOCK
2026-03-29T12:37:00Z,B1018,Elif Patel,ROOM-F,UNLOCK
2026-03-29T12:42:00Z,B1018,Elif Patel,ROOM-D,UNLOCK
2026-03-29T12:43:00Z,B1018,Elif Patel,ROOM-C,UNLOCK
2026-03-29T14:11:00Z,B1023,Ivan Rivera,MAIN-ENTRANCE,IN
2026-03-29T14:12:00Z,B1018,Elif Patel,MAIN-ENTRANCE,OUT
2026-03-29T16:32:00Z,B1023,Ivan Rivera,ROOM-A,UNLOCK
2026-03-29T16:32:00Z,B1023,Ivan Rivera,ROOM-A,UNLOCK
2026-03-29T16:32:00Z,B1023,Ivan Rivera,ROOM-B,UNLOCK
2026-03-29T16:33:00Z,B1023,Ivan Rivera,ROOM-A,UNLOCK
2026-03-29T16:33:00Z,B1023,Ivan Rivera,ROOM-F,UNLOCK
2026-03-29T16:36:00Z,B1023,Ivan Rivera,ROOM-D,UNLOCK
2026-03-29T16:40:00Z,B1023,Ivan Rivera,ROOM-A,UNLOCK
2026-03-29T22:06:00Z,B1008,Lena Okafor,MAIN-ENTRANCE,IN
2026-03-29T22:12:00Z,B1023,Ivan Rivera,MAIN-ENTRANCE,OUT
2026-03-29T22:14:00Z,B1032,Lena Rivera,MAIN-ENTRANCE,IN
2026-03-30T02:06:00Z,B1008,Lena Okafor,ROOM-A,UNLOCK
2026-03-30T02:40:00Z,B1008,Lena Okafor,ROOM-D,UNLOCK
2026-03-30T05:57:00Z,B1039,Owen Ferreira,MAIN-ENTRANCE,IN
2026-03-30T06:02:00Z,B1018,Elif Patel,MAIN-ENTRANCE,IN
2026-03-30T06:07:00Z,B1008,Lena Okafor,MAIN-ENTRANCE,OUT
2026-03-30T06:11:00Z,B1002,Sofia Larsen,MAIN-ENTRANCE,IN
2026-03-30T06:12:00Z,B1032,Lena Rivera,MAIN-ENTRANCE,OUT
2026-03-30T06:47:00Z,B1018,Elif Patel,ROOM-B,UNLOCK
2026-03-30T06:47:00Z,B1018,Elif Patel,ROOM-D,UNLOCK
2026-03-30T06:54:00Z,B1018,Elif Patel,ROOM-D,UNLOCK
2026-03-30T07:20:00Z,B1018,Elif Patel,ROOM-B,UNLOCK
2026-03-30T07:21:00Z,B1018,Elif Patel,ROOM-C,UNLOCK
2026-03-30T07:21:00Z,B1018,Elif Patel,ROOM-C,UNLOCK
2026-03-30T07:22:00Z,B1018,Elif Patel,ROOM-B,UNLOCK
2026-03-30T07:24:00Z,B1018,Elif Patel,ROOM-C,UNLOCK
2026-03-30T07:28:00Z,B1018,Elif Patel,ROOM-C,UNLOCK
2026-03-30T07:29:00Z,B1018,Elif Patel,ROOM-F,UNLOCK
2026-03-30T08:27:00Z,B1039,Owen Ferreira,ROOM-B,UNLOCK
2026-03-30T08:29:00Z,B1018,Elif Patel,ROOM-A,UNLOCK
2026-03-30T08:29:00Z,B1018,Elif Patel,ROOM-C,UNLOCK
2026-03-30T08:31:00Z,B1018,Elif Patel,ROOM-B,UNLOCK
2026-03-30T08:34:00Z,B1018,Elif Patel,ROOM-A,UNLOCK
2026-03-30T08:35:00Z,B1018,Elif Patel,ROOM-B,UNLOCK
2026-03-30T08:35:00Z,B1018,Elif Patel,ROOM-C,UNLOCK
2026-03-30T08:39:00Z,B1018,Elif Patel,ROOM-C,UNLOCK
2026-03-30T09:22:00Z,B1039,Owen Ferreira,ROOM-A,UNLOCK
2026-03-30T09:28:00Z,B1002,Sofia Larsen,ROOM-A,UNLOCK
2026-03-30T09:36:00Z,B1039,Owen Ferreira,ROOM-B,UNLOCK
2026-03-30T09:39:00Z,B1002,Sofia Larsen,ROOM-B,UNLOCK
2026-03-30T09:42:00Z,B1039,Owen Ferreira,ROOM-C,UNLOCK
2026-03-30T09:49:00Z,B1002,Sofia Larsen,ROOM-C,UNLOCK
2026-03-30T11:28:00Z,B1018,Elif Patel,ROOM-A,UNLOCK
2026-03-30T11:29:00Z,B1018,Elif Patel,ROOM-A,UNLOCK
2026-03-30T11:29:00Z,B1018,Elif Patel,ROOM-D,UNLOCK
2026-03-30T11:31:00Z,B1018,Elif Patel,ROOM-C,UNLOCK
2026-03-30T11:32:00Z,B1018,Elif Patel,ROOM-D,UNLOCK
2026-03-30T11:32:00Z,B1018,Elif Patel,ROOM-F,UNLOCK
2026-03-30T11:34:00Z,B1018,Elif Patel,ROOM-A,UNLOCK
2026-03-30T11:35:00Z,B1018,Elif Patel,ROOM-C,UNLOCK
2026-03-30T11:38:00Z,B1018,Elif Patel,ROOM-F,UNLOCK
2026-03-30T13:57:00Z,B1023,Ivan Rivera,MAIN-ENTRANCE,IN
2026-03-30T14:05:00Z,B1018,Elif Patel,MAIN-ENTRANCE,OUT
2026-03-30T14:10:00Z,B1039,Owen Ferreira,MAIN-ENTRANCE,OUT
2026-03-30T14:19:00Z,B1002,Sofia Larsen,MAIN-ENTRANCE,OUT
2026-03-30T14:40:00Z,B1023,Ivan Rivera,ROOM-A,UNLOCK
2026-03-30T14:40:00Z,B1023,Ivan Rivera,ROOM-D,UNLOCK
2026-03-30T14:43:00Z,B1023,Ivan Rivera,ROOM-F,UNLOCK
2026-03-30T14:47:00Z,B1023,Ivan Rivera,ROOM-A,UNLOCK
2026-03-30T15:01:00Z,B1023,Ivan Rivera,ROOM-A,UNLOCK
2026-03-30T15:02:00Z,B1023,Ivan Rivera,ROOM-D,UNLOCK
2026-03-30T15:07:00Z,B1023,Ivan Rivera,ROOM-D,UNLOCK
2026-03-30T15:09:00Z,B1023,Ivan Rivera,ROOM-C,UNLOCK
2026-03-30T21:58:00Z,B1008,Lena Okafor,MAIN-ENTRANCE,IN
2026-03-30T22:06:00Z,B1032,Lena Rivera,MAIN-ENTRANCE,IN
2026-03-30T22:08:00Z,B1023,Ivan Rivera,MAIN-ENTRANCE,OUT
2026-03-31T01:48:00Z,B1008,Lena Okafor,ROOM-B,UNLOCK
2026-03-31T06:06:00Z,B1018,Elif Patel,MAIN-ENTRANCE,IN
2026-03-31T06:06:00Z,B1039,Owen Ferreira,MAIN-ENTRANCE,IN
2026-03-31T06:09:00Z,B1002,Sofia Larsen,MAIN-ENTRANCE,IN
2026-03-31T06:20:00Z,B1008,Lena Okafor,MAIN-ENTRANCE,OUT
2026-03-31T06:20:00Z,B1032,Lena Rivera,MAIN-ENTRANCE,OUT
2026-03-31T08:46:00Z,B1002,Sofia Larsen,ROOM-A,UNLOCK
2026-03-31T08:54:00Z,B1002,Sofia Larsen,ROOM-B,UNLOCK
2026-03-31T09:07:00Z,B1002,Sofia Larsen,ROOM-C,UNLOCK
2026-03-31T11:13:00Z,B1039,Owen Ferreira,ROOM-C,UNLOCK
2026-03-31T11:20:00Z,B1018,Elif Patel,ROOM-A,UNLOCK
2026-03-31T11:20:00Z,B1018,Elif Patel,ROOM-F,UNLOCK
2026-03-31T11:20:00Z,B1018,Elif Patel,ROOM-F,UNLOCK
2026-03-31T11:21:00Z,B1018,Elif Patel,ROOM-B,UNLOCK
2026-03-31T11:21:00Z,B1018,Elif Patel,ROOM-C,UNLOCK
2026-03-31T11:26:00Z,B1018,Elif Patel,ROOM-A,UNLOCK
2026-03-31T11:26:00Z,B1018,Elif Patel,ROOM-D,UNLOCK
2026-03-31T11:27:00Z,B1018,Elif Patel,ROOM-B,UNLOCK
2026-03-31T11:27:00Z,B1018,Elif Patel,ROOM-C,UNLOCK
2026-03-31T11:54:00Z,B1039,Owen Ferreira,ROOM-B,UNLOCK
2026-03-31T12:06:00Z,B1018,Elif Patel,ROOM-F,UNLOCK
2026-03-31T12:07:00Z,B1039,Owen Ferreira,ROOM-C,UNLOCK
2026-03-31T12:09:00Z,B1018,Elif Patel,ROOM-B,UNLOCK
2026-03-31T12:46:00Z,B1018,Elif Patel,ROOM-B,UNLOCK
2026-03-31T12:47:00Z,B1018,Elif Patel,ROOM-A,UNLOCK
2026-03-31T12:47:00Z,B1018,Elif Patel,ROOM-C,UNLOCK
2026-03-31T12:48:00Z,B1018,Elif Patel,ROOM-B,UNLOCK
2026-03-31T12:48:00Z,B1018,Elif Patel,ROOM-C,UNLOCK
2026-03-31T12:50:00Z,B1018,Elif Patel,ROOM-D,UNLOCK
2026-03-31T12:51:00Z,B1018,Elif Patel,ROOM-C,UNLOCK
2026-03-31T12:51:00Z,B1018,Elif Patel,ROOM-D,UNLOCK
2026-03-31T12:53:00Z,B1018,Elif Patel,ROOM-F,UNLOCK
2026-03-31T12:54:00Z,B1018,Elif Patel,ROOM-D,UNLOCK
2026-03-31T12:55:00Z,B1018,Elif Patel,ROOM-F,UNLOCK
2026-03-31T13:53:00Z,B1039,Owen Ferreira,ROOM-C,UNLOCK
2026-03-31T13:56:00Z,B1039,Owen Ferreira,MAIN-ENTRANCE,OUT
2026-03-31T14:14:00Z,B1023,Ivan Rivera,MAIN-ENTRANCE,IN
2026-03-31T14:18:00Z,B1018,Elif Patel,MAIN-ENTRANCE,OUT
2026-03-31T14:24:00Z,B1002,Sofia Larsen,MAIN-ENTRANCE,OUT
2026-03-31T16:25:00Z,B1023,Ivan Rivera,ROOM-A,UNLOCK
2026-03-31T16:25:00Z,B1023,Ivan Rivera,ROOM-D,UNLOCK
2026-03-31T16:26:00Z,B1023,Ivan Rivera,ROOM-D,UNLOCK
2026-03-31T16:29:00Z,B1023,Ivan Rivera,ROOM-F,UNLOCK
2026-03-31T16:30:00Z,B1023,Ivan Rivera,ROOM-D,UNLOCK
2026-03-31T16:32:00Z,B1023,Ivan Rivera,ROOM-C,UNLOCK
2026-03-31T16:45:00Z,B1023,Ivan Rivera,ROOM-D,UNLOCK
2026-03-31T16:47:00Z,B1023,Ivan Rivera,ROOM-D,UNLOCK
2026-03-31T16:50:00Z,B1023,Ivan Rivera,ROOM-A,UNLOCK
2026-03-31T16:50:00Z,B1023,Ivan Rivera,ROOM-B,UNLOCK
2026-03-31T16:51:00Z,B1023,Ivan Rivera,ROOM-D,UNLOCK
2026-03-31T16:52:00Z,B1023,Ivan Rivera,ROOM-A,UNLOCK
2026-03-31T16:52:00Z,B1023,Ivan Rivera,ROOM-D,UNLOCK
2026-03-31T17:24:00Z,B1023,Ivan Rivera,ROOM-C,UNLOCK
2026-03-31T17:24:00Z,B1023,Ivan Rivera,ROOM-D,UNLOCK
2026-03-31T17:25:00Z,B1023,Ivan Rivera,ROOM-B,UNLOCK
2026-03-31T17:25:00Z,B1023,Ivan Rivera,ROOM-D,UNLOCK
2026-03-31T17:29:00Z,B1023,Ivan Rivera,ROOM-C,UNLOCK
2026-03-31T17:30:00Z,B1023,Ivan Rivera,ROOM-B,UNLOCK
2026-03-31T17:30:00Z,B1023,Ivan Rivera,ROOM-D,UNLOCK
2026-03-31T17:31:00Z,B1023,Ivan Rivera,ROOM-B,UNLOCK
2026-03-31T21:24:00Z,B1023,Ivan Rivera,ROOM-F,UNLOCK
2026-03-31T21:25:00Z,B1023,Ivan Rivera,ROOM-A,UNLOCK
2026-03-31T21:25:00Z,B1023,Ivan Rivera,ROOM-D,UNLOCK
2026-03-31T21:26:00Z,B1023,Ivan Rivera,ROOM-D,UNLOCK
2026-03-31T21:27:00Z,B1023,Ivan Rivera,ROOM-F,UNLOCK
2026-03-31T21:28:00Z,B1023,Ivan Rivera,ROOM-D,UNLOCK
2026-03-31T21:30:00Z,B1023,Ivan Rivera,ROOM-A,UNLOCK
2026-03-31T21:30:00Z,B1023,Ivan Rivera,ROOM-D,UNLOCK
2026-03-31T21:30:00Z,B1023,Ivan Rivera,ROOM-F,UNLOCK
2026-03-31T22:05:00Z,B1032,Lena Rivera,MAIN-ENTRANCE,IN
2026-03-31T22:06:00Z,B1023,Ivan Rivera,MAIN-ENTRANCE,OUT
2026-03-31T22:11:00Z,B1008,Lena Okafor,MAIN-ENTRANCE,IN
2026-03-31T23:25:00Z,B1008,Lena Okafor,ROOM-B,UNLOCK
2026-04-01T02:09:00Z,B1008,Lena Okafor,ROOM-C,UNLOCK
2026-04-01T05:59:00Z,B1018,Elif Patel,MAIN-ENTRANCE,IN
2026-04-01T06:01:00Z,B1039,Owen Ferreira,MAIN-ENTRANCE,IN
2026-04-01T06:04:00Z,B1002,Sofia Larsen,MAIN-ENTRANCE,IN
2026-04-01T06:06:00Z,B1032,Lena Rivera,MAIN-ENTRANCE,OUT
2026-04-01T06:30:00Z,B1008,Lena Okafor,MAIN-ENTRANCE,OUT
2026-04-01T11:03:00Z,B1039,Owen Ferreira,ROOM-C,UNLOCK
2026-04-01T11:15:00Z,B1018,Elif Patel,ROOM-C,UNLOCK
2026-04-01T11:15:00Z,B1018,Elif Patel,ROOM-D,UNLOCK
2026-04-01T11:15:00Z,B1018,Elif Patel,ROOM-F,UNLOCK
2026-04-01T11:16:00Z,B1018,Elif Patel,ROOM-F,UNLOCK
2026-04-01T11:19:00Z,B1018,Elif Patel,ROOM-B,UNLOCK
2026-04-01T11:21:00Z,B1018,Elif Patel,ROOM-C,UNLOCK
2026-04-01T11:22:00Z,B1018,Elif Patel,ROOM-F,UNLOCK
2026-04-01T11:23:00Z,B1018,Elif Patel,ROOM-F,UNLOCK
2026-04-01T11:43:00Z,B1039,Owen Ferreira,ROOM-B,UNLOCK
2026-04-01T11:45:00Z,B1018,Elif Patel,ROOM-F,UNLOCK
2026-04-01T11:46:00Z,B1018,Elif Patel,ROOM-A,UNLOCK
2026-04-01T11:46:00Z,B1018,Elif Patel,ROOM-D,UNLOCK
2026-04-01T11:49:00Z,B1002,Sofia Larsen,ROOM-A,UNLOCK
2026-04-01T11:49:00Z,B1018,Elif Patel,ROOM-A,UNLOCK
2026-04-01T11:52:00Z,B1018,Elif Patel,ROOM-F,UNLOCK
2026-04-01T11:53:00Z,B1018,Elif Patel,ROOM-C,UNLOCK
2026-04-01T11:57:00Z,B1039,Owen Ferreira,ROOM-C,UNLOCK
2026-04-01T12:03:00Z,B1002,Sofia Larsen,ROOM-B,UNLOCK
2026-04-01T12:15:00Z,B1002,Sofia Larsen,ROOM-C,UNLOCK
2026-04-01T12:17:00Z,B1018,Elif Patel,ROOM-C,UNLOCK
2026-04-01T12:18:00Z,B1018,Elif Patel,ROOM-B,UNLOCK
2026-04-01T12:18:00Z,B1018,Elif Patel,ROOM-C,UNLOCK
2026-04-01T12:18:00Z,B1018,Elif Patel,ROOM-D,UNLOCK
2026-04-01T12:24:00Z,B1018,Elif Patel,ROOM-F,UNLOCK
2026-04-01T12:24:00Z,B1018,Elif Patel,ROOM-F,UNLOCK
2026-04-01T12:25:00Z,B1018,Elif Patel,ROOM-B,UNLOCK
2026-04-01T12:25:00Z,B1018,Elif Patel,ROOM-F,UNLOCK
2026-04-01T13:57:00Z,B1023,Ivan Rivera,MAIN-ENTRANCE,IN
2026-04-01T14:00:00Z,B1039,Owen Ferreira,MAIN-ENTRANCE,OUT
2026-04-01T14:03:00Z,B1002,Sofia Larsen,MAIN-ENTRANCE,OUT
2026-04-01T14:22:00Z,B1018,Elif Patel,MAIN-ENTRANCE,OUT
2026-04-01T15:15:00Z,B1023,Ivan Rivera,ROOM-B,UNLOCK
2026-04-01T15:15:00Z,B1023,Ivan Rivera,ROOM-D,UNLOCK
2026-04-01T15:16:00Z,B1023,Ivan Rivera,ROOM-A,UNLOCK
2026-04-01T15:16:00Z,B1023,Ivan Rivera,ROOM-D,UNLOCK
2026-04-01T15:17:00Z,B1023,Ivan Rivera,ROOM-A,UNLOCK
2026-04-01T15:19:00Z,B1023,Ivan Rivera,ROOM-C,UNLOCK
2026-04-01T15:20:00Z,B1023,Ivan Rivera,ROOM-C,UNLOCK
2026-04-01T15:21:00Z,B1023,Ivan Rivera,ROOM-A,UNLOCK
2026-04-01T15:23:00Z,B1023,Ivan Rivera,ROOM-C,UNLOCK
2026-04-01T16:56:00Z,B1023,Ivan Rivera,ROOM-D,UNLOCK
2026-04-01T16:56:00Z,B1023,Ivan Rivera,ROOM-E,UNLOCK
2026-04-01T17:02:00Z,B1023,Ivan Rivera,ROOM-A,UNLOCK
2026-04-01T17:03:00Z,B1023,Ivan Rivera,ROOM-D,UNLOCK
2026-04-01T20:13:00Z,B1023,Ivan Rivera,ROOM-C,UNLOCK
2026-04-01T20:14:00Z,B1023,Ivan Rivera,ROOM-B,UNLOCK
2026-04-01T20:14:00Z,B1023,Ivan Rivera,ROOM-D,UNLOCK
2026-04-01T20:14:00Z,B1023,Ivan Rivera,ROOM-D,UNLOCK
2026-04-01T20:19:00Z,B1023,Ivan Rivera,ROOM-D,UNLOCK
2026-04-01T20:20:00Z,B1023,Ivan Rivera,ROOM-A,UNLOCK
2026-04-01T20:20:00Z,B1023,Ivan Rivera,ROOM-B,UNLOCK
2026-04-01T20:22:00Z,B1023,Ivan Rivera,ROOM-F,UNLOCK
2026-04-01T21:58:00Z,B1023,Ivan Rivera,MAIN-ENTRANCE,OUT
2026-04-01T22:05:00Z,B1032,Lena Rivera,MAIN-ENTRANCE,IN
2026-04-01T22:11:00Z,B1008,Lena Okafor,MAIN-ENTRANCE,IN
2026-04-01T23:40:00Z,B1008,Lena Okafor,ROOM-D,UNLOCK
2026-04-02T03:43:00Z,B1008,Lena Okafor,ROOM-A,UNLOCK
2026-04-02T06:00:00Z,B1039,Owen Ferreira,MAIN-ENTRANCE,IN
2026-04-02T06:04:00Z,B1002,Sofia Larsen,MAIN-ENTRANCE,IN
2026-04-02T06:07:00Z,B1018,Elif Patel,MAIN-ENTRANCE,IN
2026-04-02T06:12:00Z,B1008,Lena Okafor,MAIN-ENTRANCE,OUT
2026-04-02T06:15:00Z,B1032,Lena Rivera,MAIN-ENTRANCE,OUT
2026-04-02T07:46:00Z,B1039,Owen Ferreira,ROOM-B,UNLOCK
2026-04-02T09:00:00Z,B1018,Elif Patel,ROOM-A,UNLOCK
2026-04-02T09:01:00Z,B1018,Elif Patel,ROOM-B,UNLOCK
2026-04-02T09:01:00Z,B1018,Elif Patel,ROOM-D,UNLOCK
2026-04-02T09:06:00Z,B1018,Elif Patel,ROOM-B,UNLOCK
2026-04-02T09:06:00Z,B1018,Elif Patel,ROOM-D,UNLOCK
2026-04-02T09:07:00Z,B1018,Elif Patel,ROOM-E,UNLOCK
2026-04-02T10:01:00Z,B1002,Sofia Larsen,ROOM-A,UNLOCK
2026-04-02T10:05:00Z,B1002,Sofia Larsen,ROOM-B,UNLOCK
2026-04-02T10:13:00Z,B1002,Sofia Larsen,ROOM-C,UNLOCK
2026-04-02T10:17:00Z,B1002,Sofia Larsen,ROOM-E,UNLOCK
2026-04-02T11:42:00Z,B1018,Elif Patel,ROOM-A,UNLOCK
2026-04-02T11:42:00Z,B1018,Elif Patel,ROOM-C,UNLOCK
2026-04-02T11:42:00Z,B1018,Elif Patel,ROOM-D,UNLOCK
2026-04-02T11:43:00Z,B1018,Elif Patel,ROOM-C,UNLOCK
2026-04-02T11:45:00Z,B1039,Owen Ferreira,ROOM-C,UNLOCK
2026-04-02T11:46:00Z,B1018,Elif Patel,ROOM-C,UNLOCK
2026-04-02T11:48:00Z,B1018,Elif Patel,ROOM-C,UNLOCK
2026-04-02T11:49:00Z,B1018,Elif Patel,ROOM-B,UNLOCK
2026-04-02T11:49:00Z,B1018,Elif Patel,ROOM-F,UNLOCK
2026-04-02T11:49:00Z,B1039,Owen Ferreira,ROOM-B,UNLOCK
2026-04-02T11:59:00Z,B1039,Owen Ferreira,ROOM-E,UNLOCK
2026-04-02T12:59:00Z,B1018,Elif Patel,ROOM-A,UNLOCK
2026-04-02T12:59:00Z,B1018,Elif Patel,ROOM-B,UNLOCK
2026-04-02T12:59:00Z,B1018,Elif Patel,ROOM-D,UNLOCK
2026-04-02T12:59:00Z,B1018,Elif Patel,ROOM-D,UNLOCK
2026-04-02T13:00:00Z,B1018,Elif Patel,ROOM-A,UNLOCK
2026-04-02T13:03:00Z,B1018,Elif Patel,ROOM-A,UNLOCK
2026-04-02T13:03:00Z,B1018,Elif Patel,ROOM-E,UNLOCK
2026-04-02T13:04:00Z,B1018,Elif Patel,ROOM-A,UNLOCK
2026-04-02T13:05:00Z,B1018,Elif Patel,ROOM-E,UNLOCK
2026-04-02T13:06:00Z,B1018,Elif Patel,ROOM-F,UNLOCK
2026-04-02T13:30:00Z,B1018,Elif Patel,ROOM-C,UNLOCK
2026-04-02T13:30:00Z,B1018,Elif Patel,ROOM-D,UNLOCK
2026-04-02T13:30:00Z,B1018,Elif Patel,ROOM-F,UNLOCK
2026-04-02T13:31:00Z,B1018,Elif Patel,ROOM-E,UNLOCK
2026-04-02T13:32:00Z,B1018,Elif Patel,ROOM-B,UNLOCK
2026-04-02T13:35:00Z,B1018,Elif Patel,ROOM-C,UNLOCK
2026-04-02T13:36:00Z,B1018,Elif Patel,ROOM-B,UNLOCK
2026-04-02T13:36:00Z,B1018,Elif Patel,ROOM-D,UNLOCK
2026-04-02T13:37:00Z,B1018,Elif Patel,ROOM-C,UNLOCK
2026-04-02T13:37:00Z,B1018,Elif Patel,ROOM-E,UNLOCK
2026-04-02T13:54:00Z,B1039,Owen Ferreira,MAIN-ENTRANCE,OUT
2026-04-02T14:00:00Z,B1023,Ivan Rivera,MAIN-ENTRANCE,IN
2026-04-02T14:06:00Z,B1002,Sofia Larsen,MAIN-ENTRANCE,OUT
2026-04-02T14:13:00Z,B1018,Elif Patel,MAIN-ENTRANCE,OUT
2026-04-02T15:14:00Z,B1039,Owen Ferreira,ROOM-B,UNLOCK
2026-04-02T17:23:00Z,B1023,Ivan Rivera,ROOM-A,UNLOCK
2026-04-02T17:24:00Z,B1023,Ivan Rivera,ROOM-C,UNLOCK
2026-04-02T17:29:00Z,B1023,Ivan Rivera,ROOM-C,UNLOCK
2026-04-02T17:31:00Z,B1023,Ivan Rivera,ROOM-D,UNLOCK
2026-04-02T21:33:00Z,B1023,Ivan Rivera,ROOM-D,UNLOCK
2026-04-02T21:40:00Z,B1023,Ivan Rivera,ROOM-F,UNLOCK
2026-04-02T22:02:00Z,B1023,Ivan Rivera,MAIN-ENTRANCE,OUT
2026-04-02T22:11:00Z,B1032,Lena Rivera,MAIN-ENTRANCE,IN
2026-04-02T22:12:00Z,B1008,Lena Okafor,MAIN-ENTRANCE,IN
2026-04-03T00:08:00Z,B1008,Lena Okafor,ROOM-C,UNLOCK
2026-04-03T01:33:00Z,B1008,Lena Okafor,ROOM-D,UNLOCK
2026-04-03T05:59:00Z,B1018,Elif Patel,MAIN-ENTRANCE,IN
2026-04-03T06:01:00Z,B1002,Sofia Larsen,MAIN-ENTRANCE,IN
2026-04-03T06:06:00Z,B1032,Lena Rivera,MAIN-ENTRANCE,OUT
2026-04-03T06:10:00Z,B1039,Owen Ferreira,MAIN-ENTRANCE,IN
2026-04-03T06:31:00Z,B1008,Lena Okafor,MAIN-ENTRANCE,OUT
2026-04-03T07:49:00Z,B1039,Owen Ferreira,ROOM-B,UNLOCK
2026-04-03T07:58:00Z,B1039,Owen Ferreira,ROOM-A,UNLOCK
2026-04-03T08:00:00Z,B1018,Elif Patel,ROOM-A,UNLOCK
2026-04-03T08:00:00Z,B1018,Elif Patel,ROOM-E,UNLOCK
2026-04-03T08:03:00Z,B1018,Elif Patel,ROOM-C,UNLOCK
2026-04-03T08:04:00Z,B1039,Owen Ferreira,ROOM-E,UNLOCK
2026-04-03T08:08:00Z,B1018,Elif Patel,ROOM-C,UNLOCK
2026-04-03T09:15:00Z,B1039,Owen Ferreira,ROOM-C,UNLOCK
2026-04-03T09:19:00Z,B1018,Elif Patel,ROOM-A,UNLOCK
2026-04-03T09:19:00Z,B1018,Elif Patel,ROOM-B,UNLOCK
2026-04-03T09:19:00Z,B1018,Elif Patel,ROOM-D,UNLOCK
2026-04-03T09:21:00Z,B1018,Elif Patel,ROOM-B,UNLOCK
2026-04-03T09:21:00Z,B1018,Elif Patel,ROOM-C,UNLOCK
2026-04-03T09:22:00Z,B1018,Elif Patel,ROOM-C,UNLOCK
2026-04-03T09:24:00Z,B1018,Elif Patel,ROOM-C,UNLOCK
2026-04-03T09:24:00Z,B1018,Elif Patel,ROOM-E,UNLOCK
2026-04-03T09:26:00Z,B1018,Elif Patel,ROOM-A,UNLOCK
2026-04-03T09:26:00Z,B1018,Elif Patel,ROOM-C,UNLOCK
2026-04-03T09:27:00Z,B1018,Elif Patel,ROOM-A,UNLOCK
2026-04-03T09:29:00Z,B1018,Elif Patel,ROOM-B,UNLOCK
2026-04-03T10:02:00Z,B1002,Sofia Larsen,ROOM-A,UNLOCK
2026-04-03T10:15:00Z,B1002,Sofia Larsen,ROOM-B,UNLOCK
2026-04-03T10:26:00Z,B1002,Sofia Larsen,ROOM-C,UNLOCK
2026-04-03T10:39:00Z,B1002,Sofia Larsen,ROOM-E,UNLOCK
2026-04-03T12:51:00Z,B1018,Elif Patel,ROOM-C,UNLOCK
2026-04-03T12:51:00Z,B1018,Elif Patel,ROOM-C,UNLOCK
2026-04-03T12:51:00Z,B1018,Elif Patel,ROOM-C,UNLOCK
2026-04-03T12:52:00Z,B1018,Elif Patel,ROOM-B,UNLOCK
2026-04-03T12:54:00Z,B1018,Elif Patel,ROOM-A,UNLOCK
2026-04-03T12:55:00Z,B1018,Elif Patel,ROOM-A,UNLOCK
2026-04-03T12:57:00Z,B1018,Elif Patel,ROOM-A,UNLOCK
2026-04-03T12:58:00Z,B1018,Elif Patel,ROOM-B,UNLOCK
2026-04-03T14:03:00Z,B1023,Ivan Rivera,MAIN-ENTRANCE,IN
2026-04-03T14:15:00Z,B1002,Sofia Larsen,MAIN-ENTRANCE,OUT
2026-04-03T14:19:00Z,B1018,Elif Patel,MAIN-ENTRANCE,OUT
2026-04-03T14:33:00Z,B1039,Owen Ferreira,MAIN-ENTRANCE,OUT
2026-04-03T15:09:00Z,B1039,Owen Ferreira,ROOM-C,UNLOCK
2026-04-03T15:43:00Z,B1023,Ivan Rivera,ROOM-D,UNLOCK
2026-04-03T15:43:00Z,B1023,Ivan Rivera,ROOM-F,UNLOCK
2026-04-03T15:43:00Z,B1023,Ivan Rivera,ROOM-F,UNLOCK
2026-04-03T15:45:00Z,B1023,Ivan Rivera,ROOM-A,UNLOCK
2026-04-03T15:47:00Z,B1023,Ivan Rivera,ROOM-A,UNLOCK
2026-04-03T15:47:00Z,B1023,Ivan Rivera,ROOM-B,UNLOCK
2026-04-03T15:49:00Z,B1023,Ivan Rivera,ROOM-E,UNLOCK
2026-04-03T15:50:00Z,B1023,Ivan Rivera,ROOM-C,UNLOCK
2026-04-03T16:40:00Z,B1023,Ivan Rivera,ROOM-B,UNLOCK
2026-04-03T16:40:00Z,B1023,Ivan Rivera,ROOM-C,UNLOCK
2026-04-03T16:40:00Z,B1023,Ivan Rivera,ROOM-E,UNLOCK
2026-04-03T16:44:00Z,B1023,Ivan Rivera,ROOM-D,UNLOCK
2026-04-03T16:45:00Z,B1023,Ivan Rivera,ROOM-F,UNLOCK
2026-04-03T16:47:00Z,B1023,Ivan Rivera,ROOM-C,UNLOCK
2026-04-03T17:52:00Z,B1023,Ivan Rivera,ROOM-E,UNLOCK
2026-04-03T17:53:00Z,B1023,Ivan Rivera,ROOM-C,UNLOCK
2026-04-03T17:53:00Z,B1023,Ivan Rivera,ROOM-F,UNLOCK
2026-04-03T17:57:00Z,B1023,Ivan Rivera,ROOM-A,UNLOCK
2026-04-03T17:59:00Z,B1023,Ivan Rivera,ROOM-B,UNLOCK
2026-04-03T17:59:00Z,B1023,Ivan Rivera,ROOM-C,UNLOCK
2026-04-03T18:50:00Z,B1023,Ivan Rivera,ROOM-A,UNLOCK
2026-04-03T18:50:00Z,B1023,Ivan Rivera,ROOM-F,UNLOCK
2026-04-03T18:51:00Z,B1023,Ivan Rivera,ROOM-B,UNLOCK
2026-04-03T18:51:00Z,B1023,Ivan Rivera,ROOM-C,UNLOCK
2026-04-03T18:54:00Z,B1023,Ivan Rivera,ROOM-C,UNLOCK
2026-04-03T18:55:00Z,B1023,Ivan Rivera,ROOM-D,UNLOCK
2026-04-03T18:56:00Z,B1023,Ivan Rivera,ROOM-B,UNLOCK
2026-04-03T18:56:00Z,B1023,Ivan Rivera,ROOM-B,UNLOCK
2026-04-03T18:56:00Z,B1023,Ivan Rivera,ROOM-B,UNLOCK
2026-04-03T18:56:00Z,B1023,Ivan Rivera,ROOM-C,UNLOCK
2026-04-03T18:56:00Z,B1023,Ivan Rivera,ROOM-E,UNLOCK
2026-04-03T19:00:00Z,B1023,Ivan Rivera,ROOM-B,UNLOCK
2026-04-03T19:02:00Z,B1023,Ivan Rivera,ROOM-A,UNLOCK
2026-04-03T19:03:00Z,B1023,Ivan Rivera,ROOM-A,UNLOCK
2026-04-03T22:05:00Z,B1008,Lena Okafor,MAIN-ENTRANCE,IN
2026-04-03T22:07:00Z,B1032,Lena Rivera,MAIN-ENTRANCE,IN
2026-04-03T22:16:00Z,B1023,Ivan Rivera,MAIN-ENTRANCE,OUT
2026-04-04T00:19:00Z,B1008,Lena Okafor,ROOM-F,UNLOCK
2026-04-04T03:41:00Z,B1008,Lena Okafor,ROOM-C,UNLOCK
2026-04-04T06:04:00Z,B1008,Lena Okafor,MAIN-ENTRANCE,OUT
2026-04-04T06:09:00Z,B1018,Elif Patel,MAIN-ENTRANCE,IN
2026-04-04T06:12:00Z,B1002,Sofia Larsen,MAIN-ENTRANCE,IN
2026-04-04T06:28:00Z,B1032,Lena Rivera,MAIN-ENTRANCE,OUT
2026-04-04T06:30:00Z,B1018,Elif Patel,ROOM-D,UNLOCK
2026-04-04T06:30:00Z,B1018,Elif Patel,ROOM-E,UNLOCK
2026-04-04T06:31:00Z,B1018,Elif Patel,ROOM-C,UNLOCK
2026-04-04T06:32:00Z,B1018,Elif Patel,ROOM-C,UNLOCK
2026-04-04T06:33:00Z,B1018,Elif Patel,ROOM-A,UNLOCK
2026-04-04T06:35:00Z,B1018,Elif Patel,ROOM-A,UNLOCK
2026-04-04T06:35:00Z,B1018,Elif Patel,ROOM-C,UNLOCK
2026-04-04T06:37:00Z,B1018,Elif Patel,ROOM-F,UNLOCK
2026-04-04T06:38:00Z,B1018,Elif Patel,ROOM-A,UNLOCK
2026-04-04T06:40:00Z,B1018,Elif Patel,ROOM-F,UNLOCK
2026-04-04T09:13:00Z,B1039,Owen Ferreira,ROOM-C,UNLOCK
2026-04-04T10:08:00Z,B1018,Elif Patel,ROOM-C,UNLOCK
2026-04-04T10:08:00Z,B1018,Elif Patel,ROOM-D,UNLOCK
2026-04-04T10:09:00Z,B1018,Elif Patel,ROOM-C,UNLOCK
2026-04-04T10:12:00Z,B1018,Elif Patel,ROOM-C,UNLOCK
2026-04-04T10:13:00Z,B1018,Elif Patel,ROOM-B,UNLOCK
2026-04-04T10:14:00Z,B1018,Elif Patel,ROOM-A,UNLOCK
2026-04-04T10:16:00Z,B1039,Owen Ferreira,ROOM-C,UNLOCK
2026-04-04T14:05:00Z,B1023,Ivan Rivera,MAIN-ENTRANCE,IN
2026-04-04T14:08:00Z,B1018,Elif Patel,MAIN-ENTRANCE,OUT
2026-04-04T14:35:00Z,B1002,Sofia Larsen,MAIN-ENTRANCE,OUT
2026-04-04T17:39:00Z,B1023,Ivan Rivera,ROOM-F,UNLOCK
2026-04-04T17:39:00Z,B1023,Ivan Rivera,ROOM-F,UNLOCK
2026-04-04T17:39:00Z,B1023,Ivan Rivera,ROOM-F,UNLOCK
2026-04-04T17:40:00Z,B1023,Ivan Rivera,ROOM-F,UNLOCK
2026-04-04T17:43:00Z,B1023,Ivan Rivera,ROOM-A,UNLOCK
2026-04-04T17:45:00Z,B1023,Ivan Rivera,ROOM-A,UNLOCK
2026-04-04T17:47:00Z,B1023,Ivan Rivera,ROOM-B,UNLOCK
2026-04-04T17:48:00Z,B1023,Ivan Rivera,ROOM-D,UNLOCK
2026-04-04T22:01:00Z,B1032,Lena Rivera,MAIN-ENTRANCE,IN
2026-04-04T22:02:00Z,B1023,Ivan Rivera,MAIN-ENTRANCE,OUT
2026-04-04T22:10:00Z,B1008,Lena Okafor,MAIN-ENTRANCE,IN
2026-04-04T23:53:00Z,B1008,Lena Okafor,ROOM-C,UNLOCK
2026-04-05T04:06:00Z,B1008,Lena Okafor,ROOM-F,UNLOCK
2026-04-05T06:04:00Z,B1008,Lena Okafor,MAIN-ENTRANCE,OUT
2026-04-05T06:12:00Z,B1018,Elif Patel,MAIN-ENTRANCE,IN
2026-04-05T06:25:00Z,B1032,Lena Rivera,MAIN-ENTRANCE,OUT
2026-04-05T08:18:00Z,B1039,Owen Ferreira,ROOM-C,UNLOCK
2026-04-05T08:20:00Z,B1018,Elif Patel,ROOM-C,UNLOCK
2026-04-05T08:20:00Z,B1018,Elif Patel,ROOM-F,UNLOCK
2026-04-05T08:24:00Z,B1018,Elif Patel,ROOM-E,UNLOCK
2026-04-05T08:25:00Z,B1018,Elif Patel,ROOM-D,UNLOCK
2026-04-05T09:14:00Z,B1039,Owen Ferreira,ROOM-C,UNLOCK
2026-04-05T10:51:00Z,B1018,Elif Patel,ROOM-C,UNLOCK
2026-04-05T10:51:00Z,B1018,Elif Patel,ROOM-C,UNLOCK
2026-04-05T10:51:00Z,B1018,Elif Patel,ROOM-E,UNLOCK
2026-04-05T10:56:00Z,B1018,Elif Patel,ROOM-B,UNLOCK
2026-04-05T10:58:00Z,B1018,Elif Patel,ROOM-F,UNLOCK
2026-04-05T10:59:00Z,B1018,Elif Patel,ROOM-D,UNLOCK
2026-04-05T14:10:00Z,B1023,Ivan Rivera,MAIN-ENTRANCE,IN
2026-04-05T14:24:00Z,B1018,Elif Patel,MAIN-ENTRANCE,OUT
2026-04-05T22:01:00Z,B1008,Lena Okafor,MAIN-ENTRANCE,IN
2026-04-05T22:01:00Z,B1023,Ivan Rivera,MAIN-ENTRANCE,OUT
2026-04-05T22:10:00Z,B1032,Lena Rivera,MAIN-ENTRANCE,IN
2026-04-06T03:14:00Z,B1008,Lena Okafor,ROOM-C,UNLOCK
2026-04-06T03:24:00Z,B1008,Lena Okafor,ROOM-B,UNLOCK
2026-04-06T05:58:00Z,B1018,Elif Patel,MAIN-ENTRANCE,IN
2026-04-06T06:06:00Z,B1032,Lena Rivera,MAIN-ENTRANCE,OUT
2026-04-06T06:08:00Z,B1039,Owen Ferreira,MAIN-ENTRANCE,IN
2026-04-06T06:11:00Z,B1002,Sofia Larsen,MAIN-ENTRANCE,IN
2026-04-06T06:12:00Z,B1008,Lena Okafor,MAIN-ENTRANCE,OUT
2026-04-06T07:26:00Z,B1018,Elif Patel,ROOM-A,UNLOCK
2026-04-06T07:26:00Z,B1018,Elif Patel,ROOM-B,UNLOCK
2026-04-06T07:26:00Z,B1018,Elif Patel,ROOM-E,UNLOCK
2026-04-06T07:27:00Z,B1018,Elif Patel,ROOM-D,UNLOCK
2026-04-06T07:28:00Z,B1018,Elif Patel,ROOM-B,UNLOCK
2026-04-06T07:30:00Z,B1018,Elif Patel,ROOM-B,UNLOCK
2026-04-06T07:31:00Z,B1018,Elif Patel,ROOM-A,UNLOCK
2026-04-06T07:32:00Z,B1018,Elif Patel,ROOM-C,UNLOCK
2026-04-06T07:33:00Z,B1018,Elif Patel,ROOM-B,UNLOCK
2026-04-06T07:33:00Z,B1018,Elif Patel,ROOM-D,UNLOCK
2026-04-06T07:42:00Z,B1039,Owen Ferreira,ROOM-E,UNLOCK
2026-04-06T07:47:00Z,B1018,Elif Patel,ROOM-D,UNLOCK
2026-04-06T07:47:00Z,B1018,Elif Patel,ROOM-F,UNLOCK
2026-04-06T07:48:00Z,B1039,Owen Ferreira,ROOM-C,UNLOCK
2026-04-06T07:52:00Z,B1018,Elif Patel,ROOM-A,UNLOCK
2026-04-06T07:53:00Z,B1018,Elif Patel,ROOM-B,UNLOCK
2026-04-06T07:56:00Z,B1039,Owen Ferreira,ROOM-A,UNLOCK
2026-04-06T08:21:00Z,B1018,Elif Patel,ROOM-F,UNLOCK
2026-04-06T08:22:00Z,B1018,Elif Patel,ROOM-A,UNLOCK
2026-04-06T08:22:00Z,B1018,Elif Patel,ROOM-C,UNLOCK
2026-04-06T08:23:00Z,B1018,Elif Patel,ROOM-B,UNLOCK
2026-04-06T08:24:00Z,B1018,Elif Patel,ROOM-C,UNLOCK
2026-04-06T08:24:00Z,B1018,Elif Patel,ROOM-E,UNLOCK
2026-04-06T08:25:00Z,B1018,Elif Patel,ROOM-C,UNLOCK
2026-04-06T08:27:00Z,B1018,Elif Patel,ROOM-C,UNLOCK
2026-04-06T08:28:00Z,B1018,Elif Patel,ROOM-A,UNLOCK
2026-04-06T08:29:00Z,B1018,Elif Patel,ROOM-B,UNLOCK
2026-04-06T08:30:00Z,B1018,Elif Patel,ROOM-B,UNLOCK
2026-04-06T08:31:00Z,B1018,Elif Patel,ROOM-C,UNLOCK
2026-04-06T08:31:00Z,B1018,Elif Patel,ROOM-D,UNLOCK
2026-04-06T08:31:00Z,B1018,Elif Patel,ROOM-D,UNLOCK
2026-04-06T08:44:00Z,B1039,Owen Ferreira,ROOM-C,UNLOCK
2026-04-06T08:57:00Z,B1018,Elif Patel,ROOM-A,UNLOCK
2026-04-06T08:57:00Z,B1018,Elif Patel,ROOM-B,UNLOCK
2026-04-06T08:57:00Z,B1018,Elif Patel,ROOM-B,UNLOCK
2026-04-06T08:58:00Z,B1018,Elif Patel,ROOM-C,UNLOCK
2026-04-06T08:59:00Z,B1018,Elif Patel,ROOM-E,UNLOCK
2026-04-06T09:00:00Z,B1018,Elif Patel,ROOM-D,UNLOCK
2026-04-06T09:01:00Z,B1018,Elif Patel,ROOM-B,UNLOCK
2026-04-06T09:01:00Z,B1018,Elif Patel,ROOM-C,UNLOCK
2026-04-06T09:02:00Z,B1018,Elif Patel,ROOM-D,UNLOCK
2026-04-06T09:03:00Z,B1018,Elif Patel,ROOM-C,UNLOCK
2026-04-06T09:04:00Z,B1018,Elif Patel,ROOM-A,UNLOCK
2026-04-06T09:06:00Z,B1018,Elif Patel,ROOM-F,UNLOCK
2026-04-06T09:55:00Z,B1002,Sofia Larsen,ROOM-A,UNLOCK
2026-04-06T10:06:00Z,B1002,Sofia Larsen,ROOM-B,UNLOCK
2026-04-06T10:19:00Z,B1002,Sofia Larsen,ROOM-C,UNLOCK
2026-04-06T10:33:00Z,B1002,Sofia Larsen,ROOM-E,UNLOCK
2026-04-06T14:01:00Z,B1023,Ivan Rivera,MAIN-ENTRANCE,IN
2026-04-06T14:06:00Z,B1039,Owen Ferreira,ROOM-C,UNLOCK
2026-04-06T14:13:00Z,B1039,Owen Ferreira,MAIN-ENTRANCE,OUT
2026-04-06T14:15:00Z,B1018,Elif Patel,MAIN-ENTRANCE,OUT
2026-04-06T14:20:00Z,B1002,Sofia Larsen,MAIN-ENTRANCE,OUT
2026-04-06T14:53:00Z,B1023,Ivan Rivera,ROOM-B,UNLOCK
2026-04-06T14:53:00Z,B1023,Ivan Rivera,ROOM-C,UNLOCK
2026-04-06T14:53:00Z,B1023,Ivan Rivera,ROOM-D,UNLOCK
2026-04-06T14:58:00Z,B1023,Ivan Rivera,ROOM-A,UNLOCK
2026-04-06T15:00:00Z,B1023,Ivan Rivera,ROOM-C,UNLOCK
2026-04-06T15:01:00Z,B1023,Ivan Rivera,ROOM-C,UNLOCK
2026-04-06T15:29:00Z,B1023,Ivan Rivera,ROOM-A,UNLOCK
2026-04-06T15:29:00Z,B1023,Ivan Rivera,ROOM-B,UNLOCK
2026-04-06T15:29:00Z,B1023,Ivan Rivera,ROOM-E,UNLOCK
2026-04-06T15:29:00Z,B1023,Ivan Rivera,ROOM-E,UNLOCK
2026-04-06T15:32:00Z,B1023,Ivan Rivera,ROOM-B,UNLOCK
2026-04-06T15:32:00Z,B1023,Ivan Rivera,ROOM-D,UNLOCK
2026-04-06T15:33:00Z,B1023,Ivan Rivera,ROOM-B,UNLOCK
2026-04-06T15:35:00Z,B1023,Ivan Rivera,ROOM-E,UNLOCK
2026-04-06T16:11:00Z,B1023,Ivan Rivera,ROOM-B,UNLOCK
2026-04-06T16:11:00Z,B1023,Ivan Rivera,ROOM-C,UNLOCK
2026-04-06T16:11:00Z,B1023,Ivan Rivera,ROOM-D,UNLOCK
2026-04-06T16:12:00Z,B1023,Ivan Rivera,ROOM-E,UNLOCK
2026-04-06T16:13:00Z,B1023,Ivan Rivera,ROOM-D,UNLOCK
2026-04-06T16:15:00Z,B1023,Ivan Rivera,ROOM-E,UNLOCK
2026-04-06T16:16:00Z,B1023,Ivan Rivera,ROOM-D,UNLOCK
2026-04-06T16:16:00Z,B1023,Ivan Rivera,ROOM-E,UNLOCK
2026-04-06T16:16:00Z,B1023,Ivan Rivera,ROOM-F,UNLOCK
2026-04-06T16:21:00Z,B1023,Ivan Rivera,ROOM-C,UNLOCK
2026-04-06T21:11:00Z,B1023,Ivan Rivera,ROOM-D,UNLOCK
2026-04-06T21:12:00Z,B1023,Ivan Rivera,ROOM-E,UNLOCK
2026-04-06T21:13:00Z,B1023,Ivan Rivera,ROOM-F,UNLOCK
2026-04-06T21:14:00Z,B1023,Ivan Rivera,ROOM-D,UNLOCK
2026-04-06T21:15:00Z,B1023,Ivan Rivera,ROOM-C,UNLOCK
2026-04-06T21:16:00Z,B1023,Ivan Rivera,ROOM-D,UNLOCK
2026-04-06T21:18:00Z,B1023,Ivan Rivera,ROOM-C,UNLOCK
2026-04-06T21:19:00Z,B1023,Ivan Rivera,ROOM-E,UNLOCK
2026-04-06T21:20:00Z,B1023,Ivan Rivera,ROOM-B,UNLOCK
2026-04-06T21:20:00Z,B1023,Ivan Rivera,ROOM-C,UNLOCK
2026-04-06T21:51:00Z,B1023,Ivan Rivera,MAIN-ENTRANCE,OUT
2026-04-06T22:01:00Z,B1032,Lena Rivera,MAIN-ENTRANCE,IN
2026-04-06T22:07:00Z,B1008,Lena Okafor,MAIN-ENTRANCE,IN
2026-04-07T00:43:00Z,B1008,Lena Okafor,ROOM-F,UNLOCK
2026-04-07T00:59:00Z,B1008,Lena Okafor,ROOM-D,UNLOCK
2026-04-07T05:58:00Z,B1018,Elif Patel,MAIN-ENTRANCE,IN
2026-04-07T06:00:00Z,B1039,Owen Ferreira,MAIN-ENTRANCE,IN
2026-04-07T06:03:00Z,B1008,Lena Okafor,MAIN-ENTRANCE,OUT
2026-04-07T06:06:00Z,B1002,Sofia Larsen,MAIN-ENTRANCE,IN
2026-04-07T06:10:00Z,B1032,Lena Rivera,MAIN-ENTRANCE,OUT
2026-04-07T07:22:00Z,B1039,Owen Ferreira,ROOM-C,UNLOCK
2026-04-07T07:36:00Z,B1039,Owen Ferreira,ROOM-B,UNLOCK
2026-04-07T07:49:00Z,B1039,Owen Ferreira,ROOM-E,UNLOCK
2026-04-07T08:02:00Z,B1039,Owen Ferreira,ROOM-A,UNLOCK
2026-04-07T09:00:00Z,B1002,Sofia Larsen,ROOM-A,UNLOCK
2026-04-07T09:13:00Z,B1002,Sofia Larsen,ROOM-B,UNLOCK
2026-04-07T09:19:00Z,B1002,Sofia Larsen,ROOM-C,UNLOCK
2026-04-07T09:27:00Z,B1002,Sofia Larsen,ROOM-E,UNLOCK
2026-04-07T09:55:00Z,B1018,Elif Patel,ROOM-B,UNLOCK
2026-04-07T09:55:00Z,B1018,Elif Patel,ROOM-D,UNLOCK
2026-04-07T09:55:00Z,B1018,Elif Patel,ROOM-E,UNLOCK
2026-04-07T09:58:00Z,B1018,Elif Patel,ROOM-B,UNLOCK
2026-04-07T10:02:00Z,B1018,Elif Patel,ROOM-A,UNLOCK
2026-04-07T10:02:00Z,B1018,Elif Patel,ROOM-C,UNLOCK
2026-04-07T11:23:00Z,B1039,Owen Ferreira,ROOM-B,UNLOCK
2026-04-07T12:59:00Z,B1044,Elif Haddad,MAIN-ENTRANCE,IN (VISITOR)
2026-04-07T13:42:00Z,B1044,Elif Haddad,ROOM-C,UNLOCK
2026-04-07T14:07:00Z,B1023,Ivan Rivera,MAIN-ENTRANCE,IN
2026-04-07T14:13:00Z,B1002,Sofia Larsen,MAIN-ENTRANCE,OUT
2026-04-07T14:14:00Z,B1018,Elif Patel,MAIN-ENTRANCE,OUT
2026-04-07T14:14:00Z,B1039,Owen Ferreira,MAIN-ENTRANCE,OUT
2026-04-07T14:35:00Z,B1044,Elif Haddad,MAIN-ENTRANCE,OUT (VISITOR)
2026-04-07T15:31:00Z,B1039,Owen Ferreira,ROOM-C,UNLOCK
2026-04-07T15:38:00Z,B1023,Ivan Rivera,ROOM-D,UNLOCK
2026-04-07T15:38:00Z,B1023,Ivan Rivera,ROOM-F,UNLOCK
2026-04-07T15:39:00Z,B1023,Ivan Rivera,ROOM-E,UNLOCK
2026-04-07T15:42:00Z,B1023,Ivan Rivera,ROOM-B,UNLOCK
2026-04-07T15:44:00Z,B1023,Ivan Rivera,ROOM-C,UNLOCK
2026-04-07T15:44:00Z,B1023,Ivan Rivera,ROOM-E,UNLOCK
2026-04-07T18:24:00Z,B1023,Ivan Rivera,ROOM-B,UNLOCK
2026-04-07T18:24:00Z,B1023,Ivan Rivera,ROOM-D,UNLOCK
2026-04-07T18:25:00Z,B1023,Ivan Rivera,ROOM-C,UNLOCK
2026-04-07T18:30:00Z,B1023,Ivan Rivera,ROOM-A,UNLOCK
2026-04-07T18:30:00Z,B1023,Ivan Rivera,ROOM-A,UNLOCK
2026-04-07T18:30:00Z,B1023,Ivan Rivera,ROOM-C,UNLOCK
2026-04-07T19:09:00Z,B1023,Ivan Rivera,ROOM-A,UNLOCK
2026-04-07T19:09:00Z,B1023,Ivan Rivera,ROOM-C,UNLOCK
2026-04-07T19:09:00Z,B1023,Ivan Rivera,ROOM-F,UNLOCK
2026-04-07T19:11:00Z,B1023,Ivan Rivera,ROOM-A,UNLOCK
2026-04-07T19:11:00Z,B1023,Ivan Rivera,ROOM-F,UNLOCK
2026-04-07T19:12:00Z,B1023,Ivan Rivera,ROOM-A,UNLOCK
2026-04-07T19:15:00Z,B1023,Ivan Rivera,ROOM-F,UNLOCK
2026-04-07T19:16:00Z,B1023,Ivan Rivera,ROOM-D,UNLOCK
2026-04-07T19:17:00Z,B1023,Ivan Rivera,ROOM-E,UNLOCK
2026-04-07T19:18:00Z,B1023,Ivan Rivera,ROOM-B,UNLOCK
2026-04-07T20:38:00Z,B1023,Ivan Rivera,ROOM-A,UNLOCK
2026-04-07T20:38:00Z,B1023,Ivan Rivera,ROOM-D,UNLOCK
2026-04-07T20:39:00Z,B1023,Ivan Rivera,ROOM-C,UNLOCK
2026-04-07T20:39:00Z,B1023,Ivan Rivera,ROOM-F,UNLOCK
2026-04-07T20:43:00Z,B1023,Ivan Rivera,ROOM-A,UNLOCK
2026-04-07T20:43:00Z,B1023,Ivan Rivera,ROOM-C,UNLOCK
2026-04-07T20:44:00Z,B1023,Ivan Rivera,ROOM-B,UNLOCK
2026-04-07T20:45:00Z,B1023,Ivan Rivera,ROOM-A,UNLOCK
2026-04-07T21:58:00Z,B1032,Lena Rivera,MAIN-ENTRANCE,IN
2026-04-07T22:01:00Z,B1008,Lena Okafor,MAIN-ENTRANCE,IN
2026-04-07T22:29:00Z,B1023,Ivan Rivera,MAIN-ENTRANCE,OUT
2026-04-07T23:30:00Z,B1008,Lena Okafor,ROOM-C,UNLOCK
2026-04-08T00:17:00Z,B1008,Lena Okafor,ROOM-A,UNLOCK
2026-04-08T06:04:00Z,B1018,Elif Patel,MAIN-ENTRANCE,IN
2026-04-08T06:04:00Z,B1032,Lena Rivera,MAIN-ENTRANCE,OUT
2026-04-08T06:06:00Z,B1039,Owen Ferreira,MAIN-ENTRANCE,IN
2026-04-08T06:09:00Z,B1002,Sofia Larsen,MAIN-ENTRANCE,IN
2026-04-08T06:18:00Z,B1008,Lena Okafor,MAIN-ENTRANCE,OUT
2026-04-08T07:30:00Z,B1039,Owen Ferreira,ROOM-B,UNLOCK
2026-04-08T09:33:00Z,B1002,Sofia Larsen,ROOM-A,UNLOCK
2026-04-08T09:45:00Z,B1002,Sofia Larsen,ROOM-B,UNLOCK
2026-04-08T09:57:00Z,B1002,Sofia Larsen,ROOM-C,UNLOCK
2026-04-08T10:06:00Z,B1002,Sofia Larsen,ROOM-E,UNLOCK
2026-04-08T10:59:00Z,B1039,Owen Ferreira,ROOM-C,UNLOCK
2026-04-08T11:05:00Z,B1039,Owen Ferreira,ROOM-C,UNLOCK
2026-04-08T11:19:00Z,B1039,Owen Ferreira,ROOM-B,UNLOCK
2026-04-08T11:24:00Z,B1039,Owen Ferreira,ROOM-A,UNLOCK
2026-04-08T11:55:00Z,B1039,Owen Ferreira,ROOM-C,UNLOCK
2026-04-08T12:24:00Z,B1018,Elif Patel,ROOM-C,UNLOCK
2026-04-08T12:24:00Z,B1018,Elif Patel,ROOM-E,UNLOCK
2026-04-08T12:25:00Z,B1018,Elif Patel,ROOM-D,UNLOCK
2026-04-08T12:28:00Z,B1018,Elif Patel,ROOM-D,UNLOCK
2026-04-08T12:30:00Z,B1018,Elif Patel,ROOM-A,UNLOCK
2026-04-08T12:31:00Z,B1018,Elif Patel,ROOM-D,UNLOCK
2026-04-08T12:39:00Z,B1018,Elif Patel,ROOM-D,UNLOCK
2026-04-08T12:39:00Z,B1018,Elif Patel,ROOM-F,UNLOCK
2026-04-08T12:40:00Z,B1018,Elif Patel,ROOM-B,UNLOCK
2026-04-08T12:40:00Z,B1018,Elif Patel,ROOM-E,UNLOCK
2026-04-08T12:43:00Z,B1018,Elif Patel,ROOM-B,UNLOCK
2026-04-08T12:44:00Z,B1018,Elif Patel,ROOM-C,UNLOCK
2026-04-08T12:44:00Z,B1018,Elif Patel,ROOM-F,UNLOCK
2026-04-08T12:45:00Z,B1018,Elif Patel,ROOM-B,UNLOCK
2026-04-08T12:47:00Z,B1018,Elif Patel,ROOM-C,UNLOCK
2026-04-08T12:47:00Z,B1018,Elif Patel,ROOM-F,UNLOCK
2026-04-08T12:51:00Z,B1018,Elif Patel,ROOM-C,UNLOCK
2026-04-08T12:51:00Z,B1018,Elif Patel,ROOM-E,UNLOCK
2026-04-08T12:59:00Z,B1018,Elif Patel,ROOM-A,UNLOCK
2026-04-08T13:00:00Z,B1018,Elif Patel,ROOM-B,UNLOCK
2026-04-08T13:00:00Z,B1018,Elif Patel,ROOM-E,UNLOCK
2026-04-08T13:02:00Z,B1018,Elif Patel,ROOM-B,UNLOCK
2026-04-08T13:05:00Z,B1018,Elif Patel,ROOM-F,UNLOCK
2026-04-08T13:07:00Z,B1018,Elif Patel,ROOM-B,UNLOCK
2026-04-08T13:17:00Z,B1039,Owen Ferreira,ROOM-C,UNLOCK
2026-04-08T13:37:00Z,B1018,Elif Patel,ROOM-C,UNLOCK
2026-04-08T13:37:00Z,B1018,Elif Patel,ROOM-F,UNLOCK
2026-04-08T13:39:00Z,B1018,Elif Patel,ROOM-F,UNLOCK
2026-04-08T13:43:00Z,B1018,Elif Patel,ROOM-C,UNLOCK
2026-04-08T13:44:00Z,B1018,Elif Patel,ROOM-E,UNLOCK
2026-04-08T13:44:00Z,B1018,Elif Patel,ROOM-F,UNLOCK
2026-04-08T14:06:00Z,B1023,Ivan Rivera,MAIN-ENTRANCE,IN
2026-04-08T14:07:00Z,B1039,Owen Ferreira,MAIN-ENTRANCE,OUT
2026-04-08T14:08:00Z,B1018,Elif Patel,MAIN-ENTRANCE,OUT
2026-04-08T14:27:00Z,B1002,Sofia Larsen,MAIN-ENTRANCE,OUT
2026-04-08T14:53:00Z,B1023,Ivan Rivera,ROOM-A,UNLOCK
2026-04-08T14:54:00Z,B1023,Ivan Rivera,ROOM-B,UNLOCK
2026-04-08T14:55:00Z,B1023,Ivan Rivera,ROOM-B,UNLOCK
2026-04-08T14:55:00Z,B1023,Ivan Rivera,ROOM-D,UNLOCK
2026-04-08T14:58:00Z,B1023,Ivan Rivera,ROOM-B,UNLOCK
2026-04-08T14:59:00Z,B1023,Ivan Rivera,ROOM-F,UNLOCK
2026-04-08T15:01:00Z,B1023,Ivan Rivera,ROOM-B,UNLOCK
2026-04-08T15:02:00Z,B1023,Ivan Rivera,ROOM-A,UNLOCK
2026-04-08T21:01:00Z,B1023,Ivan Rivera,ROOM-B,UNLOCK
2026-04-08T21:01:00Z,B1023,Ivan Rivera,ROOM-E,UNLOCK
2026-04-08T21:01:00Z,B1023,Ivan Rivera,ROOM-E,UNLOCK
2026-04-08T21:05:00Z,B1023,Ivan Rivera,ROOM-F,UNLOCK
2026-04-08T21:05:00Z,B1023,Ivan Rivera,ROOM-F,UNLOCK
2026-04-08T21:06:00Z,B1023,Ivan Rivera,ROOM-C,UNLOCK
2026-04-08T22:02:00Z,B1008,Lena Okafor,MAIN-ENTRANCE,IN
2026-04-08T22:13:00Z,B1032,Lena Rivera,MAIN-ENTRANCE,IN
2026-04-08T22:22:00Z,B1023,Ivan Rivera,MAIN-ENTRANCE,OUT
2026-04-09T00:04:00Z,B1008,Lena Okafor,ROOM-C,UNLOCK
2026-04-09T00:26:00Z,B1008,Lena Okafor,ROOM-B,UNLOCK
2026-04-09T06:00:00Z,B1018,Elif Patel,MAIN-ENTRANCE,IN
2026-04-09T06:09:00Z,B1039,Owen Ferreira,MAIN-ENTRANCE,IN
2026-04-09T06:12:00Z,B1002,Sofia Larsen,MAIN-ENTRANCE,IN
2026-04-09T06:17:00Z,B1032,Lena Rivera,MAIN-ENTRANCE,OUT
2026-04-09T06:18:00Z,B1008,Lena Okafor,MAIN-ENTRANCE,OUT
2026-04-09T07:14:00Z,B1039,Owen Ferreira,ROOM-B,UNLOCK
2026-04-09T07:49:00Z,B1018,Elif Patel,ROOM-C,UNLOCK
2026-04-09T07:49:00Z,B1018,Elif Patel,ROOM-F,UNLOCK
2026-04-09T07:55:00Z,B1002,Sofia Larsen,ROOM-A,UNLOCK
2026-04-09T07:55:00Z,B1018,Elif Patel,ROOM-C,UNLOCK
2026-04-09T07:57:00Z,B1018,Elif Patel,ROOM-D,UNLOCK
2026-04-09T08:07:00Z,B1002,Sofia Larsen,ROOM-B,UNLOCK
2026-04-09T08:17:00Z,B1002,Sofia Larsen,ROOM-C,UNLOCK
2026-04-09T08:26:00Z,B1002,Sofia Larsen,ROOM-E,UNLOCK
2026-04-09T09:25:00Z,B1039,Owen Ferreira,ROOM-C,UNLOCK
2026-04-09T09:55:00Z,B1018,Elif Patel,ROOM-C,UNLOCK
2026-04-09T09:55:00Z,B1018,Elif Patel,ROOM-F,UNLOCK
2026-04-09T09:55:00Z,B1039,Owen Ferreira,ROOM-C,UNLOCK
2026-04-09T09:57:00Z,B1018,Elif Patel,ROOM-A,UNLOCK
2026-04-09T09:57:00Z,B1018,Elif Patel,ROOM-D,UNLOCK
2026-04-09T09:58:00Z,B1018,Elif Patel,ROOM-A,UNLOCK
2026-04-09T09:58:00Z,B1018,Elif Patel,ROOM-A,UNLOCK
2026-04-09T10:01:00Z,B1018,Elif Patel,ROOM-A,UNLOCK
2026-04-09T10:01:00Z,B1018,Elif Patel,ROOM-E,UNLOCK
2026-04-09T10:01:00Z,B1039,Owen Ferreira,ROOM-A,UNLOCK
2026-04-09T10:03:00Z,B1018,Elif Patel,ROOM-A,UNLOCK
2026-04-09T10:06:00Z,B1018,Elif Patel,ROOM-F,UNLOCK
2026-04-09T10:08:00Z,B1039,Owen Ferreira,ROOM-E,UNLOCK
2026-04-09T11:09:00Z,B1018,Elif Patel,ROOM-B,UNLOCK
2026-04-09T11:10:00Z,B1018,Elif Patel,ROOM-B,UNLOCK
2026-04-09T11:10:00Z,B1018,Elif Patel,ROOM-C,UNLOCK
2026-04-09T11:10:00Z,B1018,Elif Patel,ROOM-F,UNLOCK
2026-04-09T11:11:00Z,B1018,Elif Patel,ROOM-D,UNLOCK
2026-04-09T11:14:00Z,B1018,Elif Patel,ROOM-B,UNLOCK
2026-04-09T11:14:00Z,B1018,Elif Patel,ROOM-C,UNLOCK
2026-04-09T11:15:00Z,B1018,Elif Patel,ROOM-D,UNLOCK
2026-04-09T11:17:00Z,B1018,Elif Patel,ROOM-A,UNLOCK
2026-04-09T11:17:00Z,B1018,Elif Patel,ROOM-F,UNLOCK
2026-04-09T13:04:00Z,B1039,Owen Ferreira,ROOM-B,UNLOCK
2026-04-09T13:57:00Z,B1023,Ivan Rivera,MAIN-ENTRANCE,IN
2026-04-09T14:22:00Z,B1018,Elif Patel,MAIN-ENTRANCE,OUT
2026-04-09T14:27:00Z,B1002,Sofia Larsen,MAIN-ENTRANCE,OUT
2026-04-09T14:32:00Z,B1039,Owen Ferreira,MAIN-ENTRANCE,OUT
2026-04-09T15:24:00Z,B1023,Ivan Rivera,ROOM-A,UNLOCK
2026-04-09T15:24:00Z,B1023,Ivan Rivera,ROOM-C,UNLOCK
2026-04-09T15:30:00Z,B1023,Ivan Rivera,ROOM-E,UNLOCK
2026-04-09T15:32:00Z,B1023,Ivan Rivera,ROOM-E,UNLOCK
2026-04-09T16:51:00Z,B1023,Ivan Rivera,ROOM-A,UNLOCK
2026-04-09T16:51:00Z,B1023,Ivan Rivera,ROOM-C,UNLOCK
2026-04-09T16:51:00Z,B1023,Ivan Rivera,ROOM-F,UNLOCK
2026-04-09T16:56:00Z,B1023,Ivan Rivera,ROOM-E,UNLOCK
2026-04-09T16:57:00Z,B1023,Ivan Rivera,ROOM-D,UNLOCK
2026-04-09T16:57:00Z,B1023,Ivan Rivera,ROOM-F,UNLOCK
2026-04-09T18:11:00Z,B1023,Ivan Rivera,ROOM-A,UNLOCK
2026-04-09T18:12:00Z,B1023,Ivan Rivera,ROOM-E,UNLOCK
2026-04-09T18:13:00Z,B1023,Ivan Rivera,ROOM-B,UNLOCK
2026-04-09T18:14:00Z,B1023,Ivan Rivera,ROOM-F,UNLOCK
2026-04-09T18:15:00Z,B1023,Ivan Rivera,ROOM-B,UNLOCK
2026-04-09T18:15:00Z,B1023,Ivan Rivera,ROOM-C,UNLOCK
2026-04-09T18:16:00Z,B1023,Ivan Rivera,ROOM-D,UNLOCK
2026-04-09T18:18:00Z,B1023,Ivan Rivera,ROOM-D,UNLOCK
2026-04-09T18:18:00Z,B1023,Ivan Rivera,ROOM-F,UNLOCK
2026-04-09T18:19:00Z,B1023,Ivan Rivera,ROOM-E,UNLOCK
2026-04-09T18:19:00Z,B1023,Ivan Rivera,ROOM-E,UNLOCK
2026-04-09T18:20:00Z,B1023,Ivan Rivera,ROOM-C,UNLOCK
2026-04-09T18:20:00Z,B1023,Ivan Rivera,ROOM-C,UNLOCK
2026-04-09T18:23:00Z,B1023,Ivan Rivera,ROOM-A,UNLOCK
2026-04-09T21:47:00Z,B1023,Ivan Rivera,MAIN-ENTRANCE,OUT
2026-04-09T22:02:00Z,B1008,Lena Okafor,MAIN-ENTRANCE,IN
2026-04-09T22:09:00Z,B1032,Lena Rivera,MAIN-ENTRANCE,IN
2026-04-10T03:05:00Z,B1008,Lena Okafor,ROOM-A,UNLOCK
2026-04-10T03:38:00Z,B1008,Lena Okafor,ROOM-B,UNLOCK
2026-04-10T05:57:00Z,B1008,Lena Okafor,MAIN-ENTRANCE,OUT
2026-04-10T06:00:00Z,B1002,Sofia Larsen,MAIN-ENTRANCE,IN
2026-04-10T06:00:00Z,B1032,Lena Rivera,MAIN-ENTRANCE,OUT
2026-04-10T06:09:00Z,B1039,Owen Ferreira,MAIN-ENTRANCE,IN
2026-04-10T06:13:00Z,B1018,Elif Patel,MAIN-ENTRANCE,IN
2026-04-10T07:19:00Z,B1039,Owen Ferreira,ROOM-A,UNLOCK
2026-04-10T07:23:00Z,B1039,Owen Ferreira,ROOM-B,UNLOCK
2026-04-10T07:32:00Z,B1039,Owen Ferreira,ROOM-C,UNLOCK
2026-04-10T08:14:00Z,B1039,Owen Ferreira,ROOM-B,UNLOCK
2026-04-10T08:53:00Z,B1018,Elif Patel,ROOM-B,UNLOCK
2026-04-10T08:53:00Z,B1018,Elif Patel,ROOM-F,UNLOCK
2026-04-10T08:55:00Z,B1018,Elif Patel,ROOM-C,UNLOCK
2026-04-10T08:58:00Z,B1018,Elif Patel,ROOM-E,UNLOCK
2026-04-10T08:59:00Z,B1018,Elif Patel,ROOM-C,UNLOCK
2026-04-10T09:00:00Z,B1018,Elif Patel,ROOM-B,UNLOCK
2026-04-10T09:22:00Z,B1002,Sofia Larsen,ROOM-A,UNLOCK
2026-04-10T09:30:00Z,B1002,Sofia Larsen,ROOM-B,UNLOCK
2026-04-10T09:40:00Z,B1002,Sofia Larsen,ROOM-C,UNLOCK
2026-04-10T09:44:00Z,B1002,Sofia Larsen,ROOM-E,UNLOCK
2026-04-10T09:48:00Z,B1018,Elif Patel,ROOM-D,UNLOCK
2026-04-10T09:48:00Z,B1018,Elif Patel,ROOM-E,UNLOCK
2026-04-10T09:49:00Z,B1018,Elif Patel,ROOM-D,UNLOCK
2026-04-10T09:52:00Z,B1018,Elif Patel,ROOM-D,UNLOCK
2026-04-10T09:53:00Z,B1018,Elif Patel,ROOM-A,UNLOCK
2026-04-10T09:57:00Z,B1018,Elif Patel,ROOM-B,UNLOCK
2026-04-10T12:13:00Z,B1039,Owen Ferreira,ROOM-B,UNLOCK
2026-04-10T14:14:00Z,B1023,Ivan Rivera,MAIN-ENTRANCE,IN
2026-04-10T14:15:00Z,B1002,Sofia Larsen,MAIN-ENTRANCE,OUT
2026-04-10T14:17:00Z,B1039,Owen Ferreira,MAIN-ENTRANCE,OUT
2026-04-10T14:35:00Z,B1018,Elif Patel,MAIN-ENTRANCE,OUT
2026-04-10T15:36:00Z,B1023,Ivan Rivera,ROOM-A,UNLOCK
2026-04-10T15:37:00Z,B1023,Ivan Rivera,ROOM-A,UNLOCK
2026-04-10T15:37:00Z,B1023,Ivan Rivera,ROOM-F,UNLOCK
2026-04-10T15:38:00Z,B1023,Ivan Rivera,ROOM-F,UNLOCK
2026-04-10T15:41:00Z,B1023,Ivan Rivera,ROOM-B,UNLOCK
2026-04-10T15:41:00Z,B1023,Ivan Rivera,ROOM-E,UNLOCK
2026-04-10T15:42:00Z,B1023,Ivan Rivera,ROOM-F,UNLOCK
2026-04-10T15:43:00Z,B1023,Ivan Rivera,ROOM-D,UNLOCK
2026-04-10T17:07:00Z,B1023,Ivan Rivera,ROOM-A,UNLOCK
2026-04-10T17:07:00Z,B1023,Ivan Rivera,ROOM-A,UNLOCK
2026-04-10T17:07:00Z,B1023,Ivan Rivera,ROOM-C,UNLOCK
2026-04-10T17:08:00Z,B1023,Ivan Rivera,ROOM-B,UNLOCK
2026-04-10T17:09:00Z,B1023,Ivan Rivera,ROOM-B,UNLOCK
2026-04-10T17:10:00Z,B1023,Ivan Rivera,ROOM-D,UNLOCK
2026-04-10T17:12:00Z,B1023,Ivan Rivera,ROOM-B,UNLOCK
2026-04-10T17:14:00Z,B1023,Ivan Rivera,ROOM-D,UNLOCK
2026-04-10T17:15:00Z,B1023,Ivan Rivera,ROOM-A,UNLOCK
2026-04-10T17:15:00Z,B1023,Ivan Rivera,ROOM-F,UNLOCK
2026-04-10T20:22:00Z,B1023,Ivan Rivera,ROOM-A,UNLOCK
2026-04-10T20:22:00Z,B1023,Ivan Rivera,ROOM-E,UNLOCK
2026-04-10T20:22:00Z,B1023,Ivan Rivera,ROOM-F,UNLOCK
2026-04-10T20:23:00Z,B1023,Ivan Rivera,ROOM-C,UNLOCK
2026-04-10T20:28:00Z,B1023,Ivan Rivera,ROOM-B,UNLOCK
2026-04-10T20:28:00Z,B1023,Ivan Rivera,ROOM-D,UNLOCK
2026-04-10T20:28:00Z,B1023,Ivan Rivera,ROOM-F,UNLOCK
2026-04-10T20:30:00Z,B1023,Ivan Rivera,ROOM-F,UNLOCK
2026-04-10T22:02:00Z,B1032,Lena Rivera,MAIN-ENTRANCE,IN
2026-04-10T22:14:00Z,B1008,Lena Okafor,MAIN-ENTRANCE,IN
2026-04-10T22:27:00Z,B1023,Ivan Rivera,MAIN-ENTRANCE,OUT
2026-04-11T00:44:00Z,B1008,Lena Okafor,ROOM-F,UNLOCK
2026-04-11T01:53:00Z,B1008,Lena Okafor,ROOM-B,UNLOCK
2026-04-11T05:59:00Z,B1032,Lena Rivera,MAIN-ENTRANCE,OUT
2026-04-11T06:01:00Z,B1018,Elif Patel,MAIN-ENTRANCE,IN
2026-04-11T06:04:00Z,B1008,Lena Okafor,MAIN-ENTRANCE,OUT
2026-04-11T13:59:00Z,B1018,Elif Patel,MAIN-ENTRANCE,OUT
2026-04-11T14:09:00Z,B1023,Ivan Rivera,MAIN-ENTRANCE,IN
2026-04-11T20:15:00Z,B1023,Ivan Rivera,ROOM-C,UNLOCK
2026-04-11T20:15:00Z,B1023,Ivan Rivera,ROOM-D,UNLOCK
2026-04-11T20:19:00Z,B1023,Ivan Rivera,ROOM-F,UNLOCK
2026-04-11T20:21:00Z,B1023,Ivan Rivera,ROOM-F,UNLOCK
2026-04-11T22:01:00Z,B1008,Lena Okafor,MAIN-ENTRANCE,IN
2026-04-11T22:14:00Z,B1032,Lena Rivera,MAIN-ENTRANCE,IN
2026-04-11T22:33:00Z,B1023,Ivan Rivera,MAIN-ENTRANCE,OUT
2026-04-12T00:15:00Z,B1008,Lena Okafor,ROOM-F,UNLOCK
2026-04-12T02:00:00Z,B1008,Lena Okafor,ROOM-E,UNLOCK
2026-04-12T05:58:00Z,B1018,Elif Patel,MAIN-ENTRANCE,IN
2026-04-12T06:06:00Z,B1039,Owen Ferreira,MAIN-ENTRANCE,IN
2026-04-12T06:24:00Z,B1008,Lena Okafor,MAIN-ENTRANCE,OUT
2026-04-12T06:36:00Z,B1032,Lena Rivera,MAIN-ENTRANCE,OUT
2026-04-12T09:39:00Z,B1018,Elif Patel,ROOM-B,UNLOCK
2026-04-12T09:39:00Z,B1018,Elif Patel,ROOM-B,UNLOCK
2026-04-12T09:40:00Z,B1018,Elif Patel,ROOM-A,UNLOCK
2026-04-12T09:41:00Z,B1018,Elif Patel,ROOM-A,UNLOCK
2026-04-12T09:44:00Z,B1018,Elif Patel,ROOM-A,UNLOCK
2026-04-12T09:44:00Z,B1018,Elif Patel,ROOM-D,UNLOCK
2026-04-12T09:45:00Z,B1018,Elif Patel,ROOM-F,UNLOCK
2026-04-12T09:47:00Z,B1018,Elif Patel,ROOM-E,UNLOCK
2026-04-12T13:54:00Z,B1018,Elif Patel,MAIN-ENTRANCE,OUT
2026-04-12T14:02:00Z,B1039,Owen Ferreira,MAIN-ENTRANCE,OUT
2026-04-12T14:12:00Z,B1023,Ivan Rivera,MAIN-ENTRANCE,IN
2026-04-12T18:57:00Z,B1023,Ivan Rivera,ROOM-A,UNLOCK
2026-04-12T18:57:00Z,B1023,Ivan Rivera,ROOM-C,UNLOCK
2026-04-12T18:57:00Z,B1023,Ivan Rivera,ROOM-C,UNLOCK
2026-04-12T18:58:00Z,B1023,Ivan Rivera,ROOM-F,UNLOCK
2026-04-12T18:59:00Z,B1023,Ivan Rivera,ROOM-E,UNLOCK
2026-04-12T19:01:00Z,B1023,Ivan Rivera,ROOM-D,UNLOCK
2026-04-12T19:02:00Z,B1023,Ivan Rivera,ROOM-F,UNLOCK
2026-04-12T19:03:00Z,B1023,Ivan Rivera,ROOM-A,UNLOCK
2026-04-12T19:03:00Z,B1023,Ivan Rivera,ROOM-E,UNLOCK
2026-04-12T19:06:00Z,B1023,Ivan Rivera,ROOM-C,UNLOCK
2026-04-12T22:09:00Z,B1008,Lena Okafor,MAIN-ENTRANCE,IN
2026-04-12T22:10:00Z,B1032,Lena Rivera,MAIN-ENTRANCE,IN
2026-04-12T22:19:00Z,B1023,Ivan Rivera,MAIN-ENTRANCE,OUT
2026-04-12T23:16:00Z,B1008,Lena Okafor,ROOM-C,UNLOCK
2026-04-12T23:24:00Z,B1008,Lena Okafor,ROOM-F,UNLOCK
2026-04-13T06:00:00Z,B1002,Sofia Larsen,MAIN-ENTRANCE,IN
2026-04-13T06:03:00Z,B1018,Elif Patel,MAIN-ENTRANCE,IN
2026-04-13T06:07:00Z,B1039,Owen Ferreira,MAIN-ENTRANCE,IN
2026-04-13T06:21:00Z,B1008,Lena Okafor,MAIN-ENTRANCE,OUT
2026-04-13T06:29:00Z,B1032,Lena Rivera,MAIN-ENTRANCE,OUT
2026-04-13T07:14:00Z,B1039,Owen Ferreira,ROOM-C,UNLOCK
2026-04-13T09:28:00Z,B1018,Elif Patel,ROOM-C,UNLOCK
2026-04-13T09:28:00Z,B1018,Elif Patel,ROOM-D,UNLOCK
2026-04-13T09:28:00Z,B1018,Elif Patel,ROOM-D,UNLOCK
2026-04-13T09:32:00Z,B1018,Elif Patel,ROOM-E,UNLOCK
2026-04-13T09:34:00Z,B1018,Elif Patel,ROOM-E,UNLOCK
2026-04-13T09:34:00Z,B1018,Elif Patel,ROOM-E,UNLOCK
2026-04-13T09:49:00Z,B1039,Owen Ferreira,ROOM-B,UNLOCK
2026-04-13T10:06:00Z,B1002,Sofia Larsen,ROOM-A,UNLOCK
2026-04-13T10:17:00Z,B1002,Sofia Larsen,ROOM-B,UNLOCK
2026-04-13T10:31:00Z,B1002,Sofia Larsen,ROOM-C,UNLOCK
2026-04-13T10:35:00Z,B1002,Sofia Larsen,ROOM-E,UNLOCK
2026-04-13T11:16:00Z,B1018,Elif Patel,ROOM-E,UNLOCK
2026-04-13T11:16:00Z,B1018,Elif Patel,ROOM-F,UNLOCK
2026-04-13T11:21:00Z,B1018,Elif Patel,ROOM-F,UNLOCK
2026-04-13T11:23:00Z,B1018,Elif Patel,ROOM-D,UNLOCK
2026-04-13T11:45:00Z,B1039,Owen Ferreira,ROOM-A,UNLOCK
2026-04-13T11:59:00Z,B1018,Elif Patel,ROOM-B,UNLOCK
2026-04-13T11:59:00Z,B1018,Elif Patel,ROOM-D,UNLOCK
2026-04-13T11:59:00Z,B1018,Elif Patel,ROOM-D,UNLOCK
2026-04-13T11:59:00Z,B1039,Owen Ferreira,ROOM-E,UNLOCK
2026-04-13T12:03:00Z,B1018,Elif Patel,ROOM-A,UNLOCK
2026-04-13T12:03:00Z,B1018,Elif Patel,ROOM-B,UNLOCK
2026-04-13T12:05:00Z,B1018,Elif Patel,ROOM-A,UNLOCK
2026-04-13T12:13:00Z,B1039,Owen Ferreira,ROOM-B,UNLOCK
2026-04-13T13:36:00Z,B1018,Elif Patel,ROOM-B,UNLOCK
2026-04-13T13:36:00Z,B1018,Elif Patel,ROOM-E,UNLOCK
2026-04-13T13:36:00Z,B1018,Elif Patel,ROOM-E,UNLOCK
2026-04-13T13:38:00Z,B1018,Elif Patel,ROOM-D,UNLOCK
2026-04-13T13:41:00Z,B1018,Elif Patel,ROOM-A,UNLOCK
2026-04-13T13:42:00Z,B1018,Elif Patel,ROOM-D,UNLOCK
2026-04-13T13:42:00Z,B1018,Elif Patel,ROOM-D,UNLOCK
2026-04-13T13:44:00Z,B1018,Elif Patel,ROOM-F,UNLOCK
2026-04-13T13:50:00Z,B1002,Sofia Larsen,MAIN-ENTRANCE,OUT
2026-04-13T14:06:00Z,B1039,Owen Ferreira,MAIN-ENTRANCE,OUT
2026-04-13T14:10:00Z,B1018,Elif Patel,MAIN-ENTRANCE,OUT
2026-04-13T14:13:00Z,B1023,Ivan Rivera,MAIN-ENTRANCE,IN
2026-04-13T14:18:00Z,B1039,Owen Ferreira,ROOM-B,UNLOCK
2026-04-13T14:56:00Z,B1023,Ivan Rivera,ROOM-E,UNLOCK
2026-04-13T14:57:00Z,B1023,Ivan Rivera,ROOM-D,UNLOCK
2026-04-13T14:57:00Z,B1023,Ivan Rivera,ROOM-D,UNLOCK
2026-04-13T14:59:00Z,B1023,Ivan Rivera,ROOM-D,UNLOCK
2026-04-13T15:01:00Z,B1023,Ivan Rivera,ROOM-B,UNLOCK
2026-04-13T15:03:00Z,B1023,Ivan Rivera,ROOM-A,UNLOCK
2026-04-13T15:12:00Z,B1023,Ivan Rivera,ROOM-C,UNLOCK
2026-04-13T15:12:00Z,B1023,Ivan Rivera,ROOM-F,UNLOCK
2026-04-13T15:13:00Z,B1023,Ivan Rivera,ROOM-A,UNLOCK
2026-04-13T15:14:00Z,B1023,Ivan Rivera,ROOM-C,UNLOCK
2026-04-13T15:15:00Z,B1023,Ivan Rivera,ROOM-B,UNLOCK
2026-04-13T15:15:00Z,B1023,Ivan Rivera,ROOM-F,UNLOCK
2026-04-13T15:16:00Z,B1023,Ivan Rivera,ROOM-C,UNLOCK
2026-04-13T15:16:00Z,B1023,Ivan Rivera,ROOM-F,UNLOCK
2026-04-13T15:17:00Z,B1023,Ivan Rivera,ROOM-B,UNLOCK
2026-04-13T15:17:00Z,B1023,Ivan Rivera,ROOM-C,UNLOCK
2026-04-13T15:19:00Z,B1023,Ivan Rivera,ROOM-F,UNLOCK
2026-04-13T15:20:00Z,B1023,Ivan Rivera,ROOM-D,UNLOCK
2026-04-13T15:21:00Z,B1023,Ivan Rivera,ROOM-C,UNLOCK
2026-04-13T15:22:00Z,B1023,Ivan Rivera,ROOM-C,UNLOCK
2026-04-13T18:04:00Z,B1023,Ivan Rivera,ROOM-D,UNLOCK
2026-04-13T18:04:00Z,B1023,Ivan Rivera,ROOM-F,UNLOCK
2026-04-13T18:05:00Z,B1023,Ivan Rivera,ROOM-A,UNLOCK
2026-04-13T18:06:00Z,B1023,Ivan Rivera,ROOM-E,UNLOCK
2026-04-13T18:07:00Z,B1023,Ivan Rivera,ROOM-D,UNLOCK
2026-04-13T18:09:00Z,B1023,Ivan Rivera,ROOM-A,UNLOCK
2026-04-13T18:11:00Z,B1023,Ivan Rivera,ROOM-D,UNLOCK
2026-04-13T18:13:00Z,B1023,Ivan Rivera,ROOM-C,UNLOCK
2026-04-13T18:13:00Z,B1023,Ivan Rivera,ROOM-D,UNLOCK
2026-04-13T18:13:00Z,B1023,Ivan Rivera,ROOM-E,UNLOCK
2026-04-13T22:02:00Z,B1032,Lena Rivera,MAIN-ENTRANCE,IN
2026-04-13T22:09:00Z,B1023,Ivan Rivera,MAIN-ENTRANCE,OUT
2026-04-13T22:14:00Z,B1008,Lena Okafor,MAIN-ENTRANCE,IN
2026-04-14T01:47:00Z,B1008,Lena Okafor,ROOM-D,UNLOCK
2026-04-14T02:31:00Z,B1008,Lena Okafor,ROOM-F,UNLOCK
2026-04-14T05:52:00Z,B1032,Lena Rivera,MAIN-ENTRANCE,OUT
2026-04-14T06:37:00Z,B1008,Lena Okafor,MAIN-ENTRANCE,OUT
