filename,DateTimeOriginal,GPSDateStamp,GPSTimeStamp,camera,owner,caption
IMG_2201.jpg,2026-03-09 10:00:00,2026-03-09,09:00:00,Pixel 7,Sofia Larsen,dock 2 after cleaning
IMG_2207.jpg,2026-03-16 11:12:00,2026-03-16,10:12:00,Pixel 7,Sofia Larsen,"damaged pallet wrap, receiving"
IMG_2214.jpg,2026-03-17 16:03:00,,,iPhone 13,Ivan Rivera,FL-2 charger fault light
IMG_2231.jpg,2026-03-19 23:33:00,,,Galaxy A54,Lena Rivera,door wedge under room E door
IMG_2233.jpg,2026-03-22 00:38:00,,,Galaxy A54,Lena Rivera,break room radio
IMG_2240.jpg,2026-03-20 15:27:00,,,iPhone 13,Elif Haddad,unit VX01 after update
IMG_2241.jpg,2026-03-20 15:52:00,,,iPhone 13,Elif Haddad,unit VX05 after update
IMG_2250.jpg,2026-03-27 12:00:00,2026-03-27,11:00:00,iPhone 13,Elif Haddad,fault snapshot dump VX05
IMG_2252.jpg,2026-03-28 15:00:00,,,Pixel 7,Victor Larsen,"quarantine cage, lots from room E"
